A2,A4,A5
交通 行政,港口 危险 货物,交通 运输
交通 行政,港口 危险 货物,交通 运输
船舶 检验证书,船舶 法定 检验,交通 运输
建筑 垃圾 工程,工程 渣土,城市 管理
建筑 垃圾 工程,工程 渣土,城市 管理
道路,华府,城市 管理
船舶 检验证书,船舶 法定 检验,交通 运输
船舶 检验证书,船舶 法定 检验,交通 运输
行政 文书,专用 机动车辆,行政 审批
行政 文书,专用 机动车辆,行政 审批
交通 行政,港口 危险 货物,交通 运输
建筑 垃圾 工程,工程 渣土,城市 管理
建筑 垃圾 工程,工程 渣土,城市 管理
建筑 垃圾 工程,工程 渣土,城市 管理
交通 行政,港口 危险 货物,交通 运输
交通 行政,港口 危险 货物,口岸
针织 总厂 项目,工程 建设 项目,水务
交通 行政,港口 危险 货物,交通 运输
交通 行政,港口 危险 货物,交通 运输
交通 行政,港口 危险 货物,交通 运输
建设 用地 许可证,项目 科技 创业园,自然资源 规划
建设 用地 许可证,项目 智能 环保,自然资源 规划
交通 行政,港口 危险 货物,港口
交通 行政,港口 危险 货物,交通 运输
交通 行政,港口 危险 货物,交通 运输
交通 行政,港口 危险 货物,港口
交通 行政,港口 危险 货物,交通 运输
建筑业 资质 核准,变更 建筑业 资质,城乡 建设
医疗器械 许可证 生产,材料 器械 创面,药品 监督 管理
建筑业 资质 核准,变更 建筑业 资质,城乡 建设
建筑业 资质 核准,变更 建筑业 资质,城乡 建设
建筑业 资质 核准,变更 建筑业 资质,城乡 建设
建筑业 资质 核准,变更 建筑业 资质,城乡 建设
建筑业 资质 核准,变更 建筑业 资质,城乡 建设
医疗器械 注册证,试剂 抗原 抗体,药品 监督 管理
医疗器械 许可证 生产,设备 急救,药品 监督 管理
建筑业 资质 核准,变更 建筑业 资质,城乡 建设
建筑业 资质 核准,工程 专业 建筑,城乡 建设
建筑业 资质 核准,电力 工程施工,城乡 建设
行政 准予,劳务 派遣,行政 审批
行政 准予,道路 运输 货物,行政 审批
行政,民办非 机构 变更,人民政府
食品 经营,经营者 食品 销售,市场 监督 管理
农作物 种子 生产,常规 水稻 小麦,农业 农村
医疗器械 许可证 生产,试剂 检测 设备,药品 监督 管理
医疗器械 许可证 生产,试剂 检测 抗原,药品 监督 管理
行政,建筑物 物料 施工,城市 管理
行政 准予,登记 特种 设备,行政 审批
建筑业 资质 核准,变更 建筑业 资质,城乡 建设
交通 行政,港口 危险 货物,港口
交通 行政,港口 危险 货物,交通 运输
建筑业 资质 核准,变更 建筑业 资质,城乡 建设
商品房 预售,花园 燕语 光年,住房 保障 房产
准予 行政,停水 大道,园林
建筑业 资质 核准,变更 建筑业 资质,城乡 建设
建筑业 资质 核准,变更 建筑业 资质,城乡 建设
行政 准予,药品 零售,行政 审批
行政,公共场所 卫生,行政 审批
业务 经营 国际,项目 部门 经营,商务
行政,登记 变更,行政 审批
行政,登记 特种 设备,行政 审批
行政,施工 建筑物 物料,行政 审批
行政,登记 特种 设备,行政 审批
交通 行政,港口 危险 货物,港口
320405YX21004922,易制毒 化学品 运输,公安
行政,登记 变更,行政 审批
准予,变更 药品 零售,行政 审批
行政 准予,生产 经营 畜禽,行政 审批
交通 行政,港口 危险 货物,交通 运输
建筑业 资质 核准,变更 建筑业 资质,城乡 建设
交通 行政,港口 危险 货物,港口
交通 行政,港口 危险 货物,交通 运输
建筑业 资质 核准,变更 建筑业 资质,城乡 建设
建筑业 资质 核准,变更 建筑业 资质,城乡 建设
交通 行政,港口 危险 货物,交通 运输
交通 行政,港口 危险 货物,港口
建筑业 资质 核准,变更 建筑业 资质,城乡 建设
交通 行政,港口 危险 货物,港口
交通 行政,港口 危险 货物,交通 运输
准予 行政,设置,工业 信息化
交通 行政,港口 危险 货物,港口
交通 行政,港口 危险 货物,交通 运输
建筑业 资质 核准,变更 建筑业 资质,城乡 建设
建筑业 资质 核准,变更 建筑业 资质,城乡 建设
经营 危险 化学品,换证,行政 审批
建筑业 资质 核准,变更 建筑业 资质,城乡 建设
建筑业 资质 核准,变更 建筑业 资质,城乡 建设
医疗器械 注册证,无菌 状态 规格,药品 监督 管理
医疗器械 注册证,无菌 产品 状态,药品 监督 管理
医疗器械 许可证 生产,设备 图像 传输,药品 监督 管理
建筑业 资质 核准,工程 专业 建筑,城乡 建设
建筑业 资质 核准,工程 专业 建筑,城乡 建设
行政 准予,劳务 派遣,行政 审批
建设 项目 生产,项目 生产 建设,行政 审批
建筑业 资质 核准,工程 专业 建筑,城乡 建设
建筑业 资质 核准,工程 专业 电力,城乡 建设
医疗器械 许可证 生产,手术器械 材料 器械,药品 监督 管理
建筑业 资质 核准,变更 建筑业 资质,城乡 建设
建设 工程 消防,工程 建设 装修,城乡 建设
建设 工程 消防,工程 建设 幼儿园,城乡 建设
公共场所 卫生 变更,变更 法定代表 人为,卫生 健康 委员会
危险性 体育项目 经营,国际会议中心 经营 危险性,旅游
建筑业 资质 核准,工程 专业 建筑,城乡 建设
医疗器械 注册证,无菌 产品 组件,药品 监督 管理
建设 用地 规划,城乡规划,人民政府
食品 经营,经营者 餐饮 服务,市场 监督 管理
食品 经营,经营者 食品 销售,市场 监督 管理
船舶 检验证书,船舶 法定 检验,地方 海事
船舶 检验证书,船舶 法定 检验,地方 海事
行政 准予,登记 变更,行政 审批
建筑业 资质 核准,变更 建筑业 资质,城乡 建设
船舶 检验证书,船舶 法定 检验,地方 海事
建筑业 资质 核准,变更 建筑业 资质,城乡 建设
建筑业 资质 核准,变更 建筑业 资质,城乡 建设
船舶 检验证书,船舶 法定 检验,地方 海事
建筑业 资质 核准,变更 建筑业 资质,城乡 建设
准予 行政,停水,园林
商品房 预售,花园 水木 丁香,住房 保障 房产
交通 行政,港口 危险 货物,港口
交通 行政,港口 危险 货物,交通 运输
商品房 预售,锦方 苑东苑,住房 保障 房产
交通 行政,港口 危险 货物,交通 运输
食品 经营,经营者 食品 销售,市场 监督 管理
行政 准予,药品 零售 换证,行政 审批
交通 行政,港口 危险 货物,交通 运输
交通 行政,港口 危险 货物,交通 运输
建筑业 资质 核准,变更 建筑业 资质,城乡 建设
医疗器械 注册证,无菌 产品 组件,药品 监督 管理
药品 出口,特药 蛋肽 出口,药品 监督 管理
医疗器械 注册证,系统 材质 蒸汽,药品 监督 管理
医疗器械 注册证,无菌 产品 规格,药品 监督 管理
许可证 药品 经营,药品 变更,药品 监督 管理
交通 行政,港口 危险 货物,交通 运输
交通 行政,港口 危险 货物,交通 运输
交通 行政,港口 危险 货物,交通 运输
交通 行政,港口 危险 货物,交通 运输
医疗器械 许可证 生产,手术器械 设备 器械,药品 监督 管理
行政,登记 变更,行政 审批
行政,登记 变更 分公司,行政 审批
行政,登记 变更,行政 审批
行政,动物 检疫 产品,农业 农村
医疗器械 注册证,无菌 产品 组件,药品 监督 管理
医疗器械 注册证,无菌 产品 状态,药品 监督 管理
医疗器械 注册证,无菌 产品 状态,药品 监督 管理
医疗器械 注册证,系统 电源 振动,药品 监督 管理
许可证 药品 经营,药品 变更,药品 监督 管理
登记 社会 团体,变更 社会 团体,民政
建设 用地 项目,旅游 路段,自然资源 规划
建设 用地 项目,旅游,自然资源 规划
建设 工程 消防,工程 建设 项目,城乡 建设
准予 行政 变更,处方药 中成药 中药饮片,市场 监督 管理
建筑业 资质 核准,变更 建筑业 资质,城乡 建设
建筑业 资质 核准,变更 建筑业 资质,城乡 建设
建筑业 资质 核准,变更 建筑业 资质,城乡 建设
建筑业 资质 核准,变更 建筑业 资质,城乡 建设
建筑业 资质 核准,变更 建筑业 资质,城乡 建设
备案 经营者 登记,备案 经营者 登记,商务
行政 准予,设计 雷电 防护装置,气象
商品房 预售,都会,住房 保障 房产
行政 准予,登记 变更 印刷品,行政 审批
建筑业 资质 证书,重组,城乡 建设
建设 用地 许可证,项目 淮展 置业,自然资源 规划
建筑业 资质 核准,变更 建筑业 资质,城乡 建设
备案 经营者 登记,备案 经营者 登记,商务
行政 准予,裕昌 药房 青创,行政 审批
备案 经营者 登记,备案 经营者 登记,商务
建筑业 资质 核准,变更 建筑业 资质,城乡 建设
建筑业 资质 核准,工程 专业 公路,城乡 建设
准予 行政 园林绿化,胸径 法桐 消险,园林
建筑业 资质 核准,变更 建筑业 资质,城乡 建设
建筑业 资质 核准,工程 专业 特种,城乡 建设
准予 行政 园林绿化,胸径 法桐 消险,园林
医疗器械 许可证 生产,试剂 检测 设备,药品 监督 管理
医疗器械 注册证,无菌 产品 状态,药品 监督 管理
医疗器械 注册证,手柄 电极 套管,药品 监督 管理
医疗器械 注册证,无菌 产品 组件,药品 监督 管理
行政,登记 注销,行政 审批
招标,品品 白金 老白茶,综合 行政 执法
行政 准予 许可证,药品 中药饮片 处方药,行政 审批
建筑业 资质 核准,变更 建筑业 资质,城乡 建设
招标,语绣,综合 行政 执法
建筑业 资质 核准,变更 建筑业 资质,城乡 建设
行政,广告 设置 设施,人民政府
行政,广告 设置 张挂,人民政府
行政,登记 变更 分公司,行政 审批
行政,登记 注销,行政 审批
交通 行政,港口 危险 货物,港口
建筑业 资质 核准,变更 建筑业 资质,城乡 建设
交通 行政,港口 危险 货物,交通 运输
交通 行政,港口 危险 货物,交通 运输
建筑业 资质 核准,变更 建筑业 资质,城乡 建设
建筑业 资质 核准,变更 建筑业 资质,城乡 建设
建筑业 资质 核准,变更 建筑业 资质,城乡 建设
准予,药品 零售,行政 审批
交通 行政,港口 危险 货物,口岸
交通 行政,港口 危险 货物,交通 运输
交通 行政,港口 危险 货物,交通 运输
交通 行政,港口 危险 货物,交通 运输
交通 行政,港口 危险 货物,交通 运输
交通 行政,港口 危险 货物,交通 运输
交通 行政,港口 危险 货物,交通 运输
建筑业 资质 核准,工程 专业 建筑,城乡 建设
交通 行政,港口 危险 货物,交通 运输
危险 化学品 经营,甲基 化学品 乙酸,应急 管理
交通 行政,港口 危险 货物,交通 运输
交通 行政,港口 危险 货物,交通 运输
交通 行政,港口 危险 货物,口岸
交通 行政,港口 危险 货物,港口
建筑业 资质 核准,变更 建筑业 资质,城乡 建设
交通 行政,港口 危险 货物,交通 运输
准予,变更 药品 零售,行政 审批
行政 准予,劳务 派遣,行政 审批
准予,变更 药品 零售,行政 审批
交通 行政,港口 危险 货物,交通 运输
交通 行政,港口 危险 货物,交通 运输
交通 行政,港口 危险 货物,交通 运输
建筑业 资质 核准,变更 建筑业 资质,城乡 建设
交通 行政,港口 危险 货物,交通 运输
交通 行政,港口 危险 货物,交通 运输
交通 行政,港口 危险 货物,交通 运输
交通 行政,港口 危险 货物,口岸
港口 经营 许可证,港口 经营,交通 运输
交通 行政,港口 危险 货物,交通 运输
交通 行政,港口 危险 货物,口岸
行政,登记 变更,行政 审批
交通 行政,港口 危险 货物,港口
行政,登记 特种 设备,行政 审批
交通 行政,港口 危险 货物,交通 运输
交通 行政,港口 危险 货物,交通 运输
交通 行政,港口 危险 货物,交通 运输
交通 行政,港口 危险 货物,交通 运输
行政,施工 建筑工程,行政 审批
320405GB21102142,易制毒 化学品 备案,公安
交通 行政,港口 危险 货物,交通 运输
交通 行政,港口 危险 货物,交通 运输
建筑业 资质 核准,工程 专业 建筑,城乡 建设
建筑业 资质 证书,重组,城乡 建设
业务 经营,项目 部门 经营,商务
建筑业 资质 核准,变更 建筑业 资质,城乡 建设
许可证 经营 危险性,危险性 体育运动 游泳,行政 审批
建筑业 资质 核准,变更 建筑业 资质,城乡 建设
建筑业 资质 核准,工程 专业 特种,城乡 建设
建筑业 资质 核准,变更 建筑业 资质,城乡 建设
交通 行政,港口 危险 货物,口岸
交通 行政,港口 危险 货物,港口
建筑业 资质 核准,变更 建筑业 资质,城乡 建设
交通 行政,港口 危险 货物,交通 运输
交通 行政,港口 危险 货物,交通 运输
交通 行政,港口 危险 货物,交通 运输
交通 行政,港口 危险 货物,港口
交通 行政,港口 危险 货物,港口
交通 行政,港口 危险 货物,交通 运输
医疗器械 注册证,产品 组件 电极,药品 监督 管理
医疗器械 注册证,日光 紫外线 模拟器,药品 监督 管理
医疗器械 注册证,无菌 产品 状态,药品 监督 管理
准予 行政 园林绿化,建设 白下 园区,园林
建筑业 资质 核准,变更 建筑业 资质,城乡 建设
医疗器械 注册证,无菌 产品 状态,药品 监督 管理
医疗器械 注册证,无菌 产品 状态,药品 监督 管理
医疗器械 许可证 生产,器具 眼科,药品 监督 管理
医疗器械 许可证 生产,手术器械 设备 材料,药品 监督 管理
医疗器械 许可证 生产,试剂 检测 蛋白质,药品 监督 管理
医疗器械 注册证,无菌 产品 组件,药品 监督 管理
医疗器械 注册证,无菌 产品 状态,药品 监督 管理
医疗器械 许可证 生产,试剂 检测 设备,药品 监督 管理
医疗器械 注册证,手柄 外科 刀头,药品 监督 管理
医疗器械 许可证 生产,手术器械 设备 材料,药品 监督 管理
医疗器械 注册证,无菌 产品 状态,药品 监督 管理
行政,登记 变更,行政 审批
经营 危险 化学品,变更 法人,行政 审批
食品 经营,经营者 食品 销售,市场 监督 管理
准予 行政,卫生 公共场所 新证,卫生 健康 委员会
许可证 经营 危险性,危险性 体育运动 游泳,行政 审批
交通 行政,港口 危险 货物,港口
行政 准予,麻醉药品 精神药品 证明,行政 审批
交通 行政,港口 危险 货物,交通 运输
行政 准予,建筑物 物料 施工,城市 管理
准予 行政,设置,工业 信息化
320405GB21102041,易制毒 化学品 备案,公安
行政,项目 建设 环境影响,环境
行政,登记 变更,行政 审批
行政,登记 注销,行政 审批
建筑业 资质 核准,变更 建筑业 资质,城乡 建设
交通 行政,港口 危险 货物,口岸
行政,登记 经营者 备案,行政 审批
建筑业 资质 核准,变更 建筑业 资质,城乡 建设
医疗器械 注册证,状态 环氧乙烷 医用,药品 监督 管理
交通 行政,港口 危险 货物,交通 运输
交通 行政,港口 危险 货物,交通 运输
交通 行政,港口 危险 货物,交通 运输
交通 行政,港口 危险 货物,港口
准予 行政 园林绿化,高杆 女贞 榉树,园林
医疗器械 注册证,无菌 产品 状态,药品 监督 管理
交通 行政,港口 危险 货物,交通 运输
医疗器械 注册证,无菌 产品 状态,药品 监督 管理
医疗器械 注册证,无菌 产品 状态,药品 监督 管理
交通 行政,港口 危险 货物,交通 运输
交通 行政,港口 危险 货物,交通 运输
交通 行政,港口 危险 货物,口岸
交通 行政,港口 危险 货物,交通 运输
建筑 工程施工,建筑 工程施工,行政 审批
交通 行政,港口 危险 货物,港口
交通 行政,港口 危险 货物,交通 运输
交通 行政,港口 危险 货物,交通 运输
建筑业 资质 核准,变更 建筑业 资质,城乡 建设
交通 行政,港口 危险 货物,口岸
医疗器械 注册证,试剂 抗原 抗体,药品 监督 管理
交通 行政,港口 危险 货物,交通 运输
准予,影视 广播 报纸,卫生 健康 委员会
船舶 检验证书,船舶 法定 检验,交通 运输
船舶 检验证书,船舶 法定 检验,交通 运输
交通 行政,港口 危险 货物,口岸
交通 行政,港口 危险 货物,港口
医疗器械 注册证,无菌 产品 状态,药品 监督 管理
建筑业 资质 证书,变更,城乡 建设
建筑业 资质 证书,变更,城乡 建设
交通 行政,港口 危险 货物,港口
交通 行政,港口 危险 货物,港口
建筑业 资质 证书,变更,城乡 建设
交通 行政,港口 危险 货物,交通 运输
车辆,道路 运输 车辆,交通 运输
准予 行政 园林绿化,干径 高杆 女贞,园林
交通 行政,港口 危险 货物,交通 运输
交通 行政,港口 危险 货物,交通 运输
城市绿化,城市绿化 本局 地点,城市 管理
交通 行政,港口 危险 货物,交通 运输
交通 行政,港口 危险 货物,交通 运输
许可证 建筑 工程施工,项目 电喇叭 生产线,行政 审批
许可证 建筑 工程施工,消防 钢质 防火门,行政 审批
交通 行政,港口 危险 货物,交通 运输
交通 行政,港口 危险 货物,交通 运输
交通 行政,港口 危险 货物,交通 运输
交通 行政,港口 危险 货物,交通 运输
交通 行政,港口 危险 货物,交通 运输
交通 行政,港口 危险 货物,交通 运输
交通 行政,港口 危险 货物,交通 运输
交通 行政,港口 危险 货物,交通 运输
许可证 建筑 工程施工,工程 水润隆 小区,行政 审批
车辆,道路 运输 车辆,交通 运输
车辆,道路 运输 车辆,交通 运输
建筑 工程施工,建筑 工程施工,行政 审批
准予 行政,卫生 许可证,卫生 健康 委员会
行政 准予,药品 经营,行政 审批
交通 行政,港口 危险 货物,交通 运输
交通 行政,港口 危险 货物,交通 运输
车辆,道路 运输 车辆,交通 运输
车辆,道路 运输 车辆,交通 运输
车辆,道路 运输 车辆,交通 运输
交通 行政,港口 危险 货物,港口
车辆,道路 运输 车辆,交通 运输
车辆,道路 运输 车辆,交通 运输
建筑业 资质 证书,变更,城乡 建设
船舶 检验证书,船舶 法定 检验,地方 海事
建筑业 资质 证书,变更,城乡 建设
交通 行政,港口 危险 货物,口岸
交通 行政,港口 危险 货物,交通 运输
行政 准予,变更 法人 电影,行政 审批
建筑业 资质 证书,变更,城乡 建设
城市绿化,城市绿化 本局 地点,城市 管理
建筑业 资质 证书,变更,城乡 建设
车辆,更新,交通 运输
车辆,更新,交通 运输
车辆,道路 运输 车辆,交通 运输
交通 行政,港口 危险 货物,港口
车辆,道路 运输 车辆,交通 运输
建筑业 资质 证书,变更,城乡 建设
建筑业 资质 证书,变更,城乡 建设
车辆,道路 运输 车辆,交通 运输
食品 经营,经营者 食品 销售,市场 监督 管理
城市绿化,城市绿化 本局 地点,城市 管理
交通 行政,港口 危险 货物,港口
交通 行政,港口 危险 货物,港口
交通 行政,港口 危险 货物,交通 运输
建设 许可证 工程规划,建设 工程规划 许可证,自然资源 规划
交通 行政,港口 危险 货物,港口
交通 行政,港口 危险 货物,交通 运输
交通 行政,港口 危险 货物,港口
交通 行政,港口 危险 货物,港口
交通 行政,港口 危险 货物,交通 运输
交通 行政,港口 危险 货物,港口
交通 行政,港口 危险 货物,港口
交通 行政,港口 危险 货物,港口
交通 行政,港口 危险 货物,交通 运输
交通 行政,港口 危险 货物,交通 运输
交通 行政,港口 危险 货物,交通 运输
车辆,道路 运输 车辆,交通 运输
交通 行政,港口 危险 货物,港口
交通 行政,港口 危险 货物,港口
车辆,道路 运输 车辆,交通 运输
交通 行政,港口 危险 货物,交通 运输
交通 行政,港口 危险 货物,港口
交通 行政,港口 危险 货物,交通 运输
交通 行政,港口 危险 货物,港口
交通 行政,港口 危险 货物,交通 运输
食品 经营,经营者 食品 销售,市场 监督 管理
交通 行政,港口 危险 货物,交通 运输
交通 行政,港口 危险 货物,港口
建筑业 资质 证书,变更,城乡 建设
建筑业 资质 证书,变更,城乡 建设
交通 行政,港口 危险 货物,交通 运输
交通 行政,港口 危险 货物,交通 运输
交通 行政,港口 危险 货物,港口
交通 行政,港口 危险 货物,交通 运输
交通 行政,港口 危险 货物,港口
车辆,道路 运输 车辆,交通 运输
交通 行政,港口 危险 货物,交通 运输
交通 行政,港口 危险 货物,交通 运输
车辆,道路 运输 车辆,交通 运输
交通 行政,港口 危险 货物,交通 运输
交通 行政,港口 危险 货物,交通 运输
车辆,道路 运输 车辆,交通 运输
车辆,道路 运输 车辆,交通 运输
交通 行政,港口 危险 货物,交通 运输
交通 行政,港口 危险 货物,交通 运输
交通 行政,港口 危险 货物,港口
交通 行政,港口 危险 货物,交通 运输
交通 行政,港口 危险 货物,交通 运输
交通 行政,港口 危险 货物,交通 运输
交通 行政,港口 危险 货物,口岸
交通 行政,港口 危险 货物,交通 运输
交通 行政,港口 危险 货物,港口
交通 行政,港口 危险 货物,交通 运输
车辆,道路 运输 车辆,交通 运输
车辆,道路 运输 车辆,交通 运输
交通 行政,港口 危险 货物,交通 运输
交通 行政,港口 危险 货物,交通 运输
交通 行政,港口 危险 货物,港口
交通 行政,港口 危险 货物,交通 运输
车辆,道路 运输 车辆,交通 运输
交通 行政,港口 危险 货物,交通 运输
交通 行政,港口 危险 货物,港口
交通 行政,港口 危险 货物,交通 运输
交通 行政,港口 危险 货物,交通 运输
交通 行政,港口 危险 货物,口岸
交通 行政,港口 危险 货物,港口
交通 行政,港口 危险 货物,交通 运输
交通 行政,港口 危险 货物,港口
交通 行政,港口 危险 货物,交通 运输
车辆,道路 运输 车辆,交通 运输
车辆,道路 运输 车辆,交通 运输
交通 行政,港口 危险 货物,交通 运输
车辆,道路 运输 车辆,交通 运输
车辆,道路 运输 车辆,交通 运输
交通 行政,港口 危险 货物,交通 运输
车辆,道路 运输 车辆,交通 运输
车辆,道路 运输 车辆,交通 运输
车辆,道路 运输 车辆,交通 运输
准予,命名 吴润 商务中心,行政 审批
建筑业 资质 证书,变更,城乡 建设
建筑业 资质 证书,变更,城乡 建设
食品 经营,经营者 食品 销售,市场 监督 管理
车辆,更新,交通 运输
建筑业 资质 证书,变更,城乡 建设
建筑业 资质 证书,变更,城乡 建设
建筑业 资质 证书,变更,城乡 建设
建筑业 资质 证书,变更,城乡 建设
建筑业 资质 证书,变更,城乡 建设
建设 项目 选址,项目 怡园 经济,自然资源 规划
建筑业 资质 证书,变更,城乡 建设
建筑业 资质 证书,变更,城乡 建设
建筑业 资质 证书,变更,城乡 建设
建筑业 资质 证书,变更,城乡 建设
建筑业 资质 证书,变更,城乡 建设
交通 行政,港口 危险 货物,交通 运输
准予 行政,电影,新闻 出版
城市绿化,城市绿化 本局 地点,城市 管理
准予 许可证 经营,药品 中药饮片 处方药,行政 审批
准予 项目 行政,项目 桐昆恒阳 化纤,水利
交通 行政,港口 危险 货物,港口
准予 项目 行政,项目 热电 桐昆旭阳,水利
准予 项目 行政,项目 印染 布料,水利
交通 行政,港口 危险 货物,港口
交通 行政,港口 危险 货物,交通 运输
交通 行政,港口 危险 货物,港口
交通 行政,港口 危险 货物,港口
交通 行政,港口 危险 货物,交通 运输
机电 进口 许可证,进口 机电 产品,商务
建筑业 资质 证书,变更,城乡 建设
药品 备案,药品 管理 办法,药品 监督 管理
建筑业 资质 证书,变更,城乡 建设
建筑业 资质 证书,变更,城乡 建设
业户,道路 经营 业户,交通 运输
建筑业 资质 证书,变更,城乡 建设
建筑业 资质 证书,变更,城乡 建设
车辆,道路 运输 车辆,交通 运输
建筑业 资质 证书,变更,城乡 建设
建筑业 资质 证书,变更,城乡 建设
交通 行政,港口 危险 货物,港口
交通 行政,港口 危险 货物,口岸
交通 行政,港口 危险 货物,交通 运输
交通 行政,港口 危险 货物,港口
车辆,更新,交通 运输
交通 行政,港口 危险 货物,交通 运输
交通 行政,港口 危险 货物,交通 运输
车辆,道路 运输 车辆,交通 运输
车辆,道路 运输 车辆,交通 运输
建筑业 资质 证书,变更,城乡 建设
交通 行政,港口 危险 货物,交通 运输
交通 行政,港口 危险 货物,交通 运输
交通 行政,港口 危险 货物,交通 运输
交通 行政,港口 危险 货物,交通 运输
交通 行政,港口 危险 货物,港口
交通 行政,港口 危险 货物,交通 运输
交通 行政,港口 危险 货物,交通 运输
交通 行政,港口 危险 货物,交通 运输
交通 行政,港口 危险 货物,交通 运输
车辆,道路 运输 车辆,交通 运输
业户,道路 经营 业户,交通 运输
车辆,道路 运输 车辆,交通 运输
车辆,道路 运输 车辆,交通 运输
业户,道路 经营 业户,交通 运输
业户,道路 经营 业户,交通 运输
建设 工程 消防,消防 设计 审查,城乡 建设
车辆,道路 运输 车辆,交通 运输
车辆,道路 运输 车辆,交通 运输
车辆,道路 运输 车辆,交通 运输
交通 行政,港口 危险 货物,港口
交通 行政,港口 危险 货物,交通 运输
交通 行政,港口 危险 货物,港口
交通 行政,港口 危险 货物,港口
交通 行政,港口 危险 货物,交通 运输
行政 准予 许可证,变更 质量 负责人,行政 审批
车辆,道路 运输 车辆,交通 运输
交通 行政,港口 危险 货物,交通 运输
交通 行政,港口 危险 货物,交通 运输
车辆,道路 运输 车辆,交通 运输
车辆,道路 运输 车辆,交通 运输
车辆,道路 运输 车辆,交通 运输
车辆,道路 运输 车辆,交通 运输
交通 行政,港口 危险 货物,交通 运输
交通 行政,港口 危险 货物,交通 运输
交通 行政,港口 危险 货物,交通 运输
交通 行政,港口 危险 货物,港口
车辆,道路 运输 车辆,交通 运输
车辆,道路 运输 车辆,交通 运输
车辆,道路 运输 车辆,交通 运输
交通 行政,港口 危险 货物,交通 运输
车辆,道路 运输 车辆,交通 运输
车辆,道路 运输 车辆,交通 运输
交通 行政,港口 危险 货物,交通 运输
车辆,道路 运输 车辆,交通 运输
车辆,道路 运输 车辆,交通 运输
车辆,道路 运输 车辆,交通 运输
车辆,道路 运输 车辆,交通 运输
车辆,道路 运输 车辆,交通 运输
车辆,道路 运输 车辆,交通 运输
车辆,道路 运输 车辆,交通 运输
车辆,道路 运输 车辆,交通 运输
交通 行政,港口 危险 货物,港口
交通 行政,港口 危险 货物,交通 运输
车辆,道路 运输 车辆,交通 运输
车辆,客运,交通 运输
车辆,道路 运输 车辆,交通 运输
车辆,道路 运输 车辆,交通 运输
车辆,道路 运输 车辆,交通 运输
车辆,道路 运输 车辆,交通 运输
车辆,道路 运输 车辆,交通 运输
业户,道路 经营 业户,交通 运输
车辆,道路 运输 车辆,行政 审批
建设 工程 佳源桂府,工程 建设 幼儿园,城乡 建设
交通 行政,港口 危险 货物,港口
交通 行政,港口 危险 货物,交通 运输
交通 行政,港口 危险 货物,交通 运输
车辆,道路 运输 车辆,交通 运输
交通 行政,港口 危险 货物,港口
交通 行政,港口 危险 货物,交通 运输
车辆,道路 运输 车辆,交通 运输
车辆,道路 运输 车辆,交通 运输
车辆,道路 运输 车辆,交通 运输
车辆,道路 运输 车辆,交通 运输
车辆,道路 运输 车辆,交通 运输
车辆,道路 运输 车辆,交通 运输
车辆,道路 运输 车辆,交通 运输
车辆,道路 运输 车辆,交通 运输
车辆,道路 运输 车辆,交通 运输
车辆,道路 运输 车辆,交通 运输
车辆,道路 运输 车辆,交通 运输
车辆,道路 运输 车辆,交通 运输
车辆,道路 运输 车辆,交通 运输
车辆,道路 运输 车辆,交通 运输
业户,道路 经营 业户,交通 运输
交通 行政,港口 危险 货物,港口
交通 行政,港口 危险 货物,交通 运输
交通 行政,港口 危险 货物,交通 运输
交通 行政,港口 危险 货物,交通 运输
交通 行政,港口 危险 货物,交通 运输
交通 行政,港口 危险 货物,交通 运输
准予 行政,集中式 供水,卫生 健康 委员会
车辆,道路 运输 车辆,交通 运输
车辆,道路 运输 车辆,交通 运输
车辆,道路 运输 车辆,交通 运输
准予 行政,X射线 影像,卫生 健康 委员会
车辆,道路 运输 车辆,交通 运输
车辆,道路 运输 车辆,交通 运输
交通 行政,港口 危险 货物,交通 运输
车辆,道路 运输 车辆,交通 运输
车辆,道路 运输 车辆,交通 运输
车辆,道路 运输 车辆,交通 运输
车辆,道路 运输 车辆,交通 运输
车辆,道路 运输 车辆,交通 运输
车辆,道路 运输 车辆,交通 运输
车辆,客运,交通 运输
车辆,道路 运输 车辆,交通 运输
车辆,道路 运输 车辆,交通 运输
交通 行政,港口 危险 货物,交通 运输
养殖 项目 环境影响,项目 养殖 徐牛,环境
车辆,道路 运输 车辆,交通 运输
车辆,道路 运输 车辆,交通 运输
交通 行政,港口 危险 货物,口岸
交通 行政,港口 危险 货物,港口
交通 行政,港口 危险 货物,交通 运输
车辆,道路 运输 车辆,交通 运输
交通 行政,港口 危险 货物,交通 运输
交通 行政,港口 危险 货物,交通 运输
交通 行政,港口 危险 货物,交通 运输
准予,变更 药品 零售,行政 审批
准予,命名 百艺,行政 审批
行政 准予,行政 高速公路 服务区,人民政府
交通 行政,港口 危险 货物,交通 运输
交通 行政,港口 危险 货物,港口
交通 行政,港口 危险 货物,交通 运输
交通 行政,港口 危险 货物,交通 运输
车辆,道路 运输 车辆,交通 运输
生产 工程 车间,生产 工程 车间,行政 审批
车辆,道路 运输 车辆,交通 运输
车辆,道路 运输 车辆,交通 运输
车辆,道路 运输 车辆,交通 运输
车辆,道路 运输 车辆,交通 运输
车辆,道路 运输 车辆,交通 运输
交通 行政,港口 危险 货物,交通 运输
交通 行政,港口 危险 货物,交通 运输
交通 行政,港口 危险 货物,港口
交通 行政,港口 危险 货物,港口
交通 行政,港口 危险 货物,交通 运输
交通 行政,港口 危险 货物,交通 运输
交通 行政,港口 危险 货物,交通 运输
行政 准予,道路 运输 货物,行政 审批
准予 行政,化学品 储存 乙醇,应急 管理
准予 行政,化学品 乙酸 溶液,应急 管理
准予,变更 药品 零售,行政 审批
交通 行政,船舶 阳光 舞者,交通 运输
行政 准予,劳务 派遣,行政 审批
建设 工程施工 许可证,装修 面积,经济 技术开发区 管委会
交通 行政,港口 危险 货物,交通 运输
交通 行政,港口 危险 货物,港口
交通 行政,港口 危险 货物,交通 运输
建设 工程施工 许可证,装修 面积,经济 技术开发区 管委会
行政,工时 准予 疫情,人力资源 社会保障
交通 行政,港口 危险 货物,港口
准予,命名 金栖里,行政 审批
交通 行政,港口 危险 货物,交通 运输
交通 行政,港口 危险 货物,交通 运输
交通 行政,港口 危险 货物,交通 运输
交通 行政,港口 危险 货物,港口
交通 行政,港口 危险 货物,港口
业户,道路 经营 业户,交通 运输
交通 行政,港口 危险 货物,港口
交通 行政,港口 危险 货物,交通 运输
准予 行政,变更 社会 团体,民政
准予 行政,消毒 器械 因子,卫生 健康 委员会
交通 行政,港口 危险 货物,交通 运输
交通 行政,港口 危险 货物,交通 运输
交通 行政,港口 危险 货物,交通 运输
车辆,道路 运输 车辆,交通 运输
交通 行政,港口 危险 货物,港口
交通 行政,港口 危险 货物,交通 运输
车辆,道路 运输 车辆,交通 运输
车辆,道路 运输 车辆,交通 运输
车辆,道路 运输 车辆,交通 运输
交通 行政,港口 危险 货物,交通 运输
交通 行政,港口 危险 货物,港口
交通 行政,港口 危险 货物,口岸
交通 行政,港口 危险 货物,港口
交通 行政,港口 危险 货物,交通 运输
交通 行政,港口 危险 货物,交通 运输
交通 行政,港口 危险 货物,交通 运输
车辆,道路 运输 车辆,交通 运输
备案 业务 科幻,备案 科幻 针纺织品,商务
危险 化学品 经营,化学品 溶液 储存,应急 管理
准予 行政,消毒 器械 因子,卫生 健康 委员会
交通 行政,港口 危险 货物,交通 运输
交通 行政,港口 危险 货物,港口
行政,准予 劳务 派遣,人力资源 社会保障
项目 工程 新浒,项目 政府 投资,行政 审批
车辆,道路 运输 车辆,行政 审批
车辆,道路 运输 车辆,交通 运输
车辆,道路 运输 车辆,交通 运输
许可证 建筑 工程施工,建筑 工程施工 许可证,行政 审批
业户,道路 经营 业户,交通 运输
业户,道路 经营 业户,交通 运输
交通 行政,港口 危险 货物,交通 运输
车辆,道路 运输 车辆,交通 运输
车辆,道路 运输 车辆,交通 运输
车辆,网约车,交通 运输
交通 行政,港口 危险 货物,交通 运输
车辆,道路 运输 车辆,交通 运输
车辆,道路 运输 车辆,交通 运输
交通 行政,港口 危险 货物,交通 运输
交通 行政,港口 危险 货物,交通 运输
交通 行政,港口 危险 货物,交通 运输
交通 行政,港口 危险 货物,港口
交通 行政,港口 危险 货物,交通 运输
交通 行政,港口 危险 货物,港口
交通 行政,港口 危险 货物,交通 运输
交通 行政,港口 危险 货物,交通 运输
交通 行政,港口 危险 货物,港口
交通 行政,港口 危险 货物,口岸
交通 行政,港口 危险 货物,交通 运输
交通 行政,港口 危险 货物,交通 运输
准予,项目 轴承 直径,行政 审批
交通 运输 环线,航道 条件 影响,交通 运输
车辆,道路 运输 车辆,交通 运输
车辆,道路 运输 车辆,交通 运输
交通 行政,港口 危险 货物,港口
交通 行政,港口 危险 货物,交通 运输
车辆,道路 运输 车辆,交通 运输
车辆,道路 运输 车辆,交通 运输
车辆,道路 运输 车辆,交通 运输
交通 行政,港口 危险 货物,交通 运输
交通 行政,港口 危险 货物,港口
交通 行政,港口 危险 货物,交通 运输
危险 化学品 经营,化学品 危险 经营,应急 管理
交通 行政,港口 危险 货物,交通 运输
交通 行政,港口 危险 货物,交通 运输
车辆,购置,交通 运输
交通 行政,港口 危险 货物,港口
交通 行政,港口 危险 货物,港口
交通 行政,港口 危险 货物,港口
车辆,购置,交通 运输
交通 行政,港口 危险 货物,港口
交通 行政,港口 危险 货物,港口
危险 化学品 经营,化学品 危险 经营,应急 管理
车辆,购置,交通 运输
车辆,购置,交通 运输
车辆,购置,交通 运输
交通 行政,港口 危险 货物,港口
交通 行政,港口 危险 货物,港口
车辆,更新,交通 运输
养殖 项目 环境影响,项目 养殖 生猪,环境
建设 用地 许可证,项目 淮展 置业,自然资源 规划
项目 龙诚 车业,项目 龙诚 车业,行政 审批
城市道路 设施 许可证,大儒 城市道路 设施,城市 管理
项目 环境影响 建设,项目 建设 汽车,环境
准予 行政,变更,市场 监督 管理
准予 行政,有效期,市场 监督 管理
车辆,道路 运输 车辆,交通 运输
车辆,道路 运输 车辆,交通 运输
车辆,道路 运输 车辆,交通 运输
业户,道路 经营 业户,交通 运输
建筑 工程施工,工程 建设 施工,城乡 建设
建筑 工程施工,工程 项目 施工,城乡 建设
车辆,道路 运输 车辆,交通 运输
车辆,道路 运输 车辆,交通 运输
交通 行政,港口 危险 货物,交通 运输
交通 行政,港口 危险 货物,港口
交通 行政,港口 危险 货物,港口
车辆,道路 运输 车辆,交通 运输
车辆,道路 运输 车辆,交通 运输
车辆,道路 运输 车辆,交通 运输
准予 行政 书面,旅行社,旅游
交通 行政,港口 危险 货物,港口
交通 行政,港口 危险 货物,港口
交通 行政,港口 危险 货物,交通 运输
交通 行政,港口 危险 货物,交通 运输
交通 行政,港口 危险 货物,港口
交通 行政,港口 危险 货物,交通 运输
交通 行政,港口 危险 货物,交通 运输
车辆,道路 运输 车辆,交通 运输
车辆,道路 运输 车辆,交通 运输
工时 迎宾馆 经营,工时,人力资源 社会保障
车辆,道路 运输 车辆,交通 运输
车辆,道路 运输 车辆,交通 运输
车辆,道路 运输 车辆,交通 运输
交通 行政,港口 危险 货物,港口
车辆,道路 运输 车辆,交通 运输
车辆,道路 运输 车辆,交通 运输
交通 行政,港口 危险 货物,交通 运输
交通 行政,港口 危险 货物,交通 运输
交通 行政,港口 危险 货物,交通 运输
车辆,道路 运输 车辆,交通 运输
交通 行政,港口 危险 货物,港口
建筑 恒昌 建筑工程,碧桂园 天宸,城市 管理
交通 行政,港口 危险 货物,交通 运输
车辆,道路 运输 车辆,交通 运输
交通 行政,港口 危险 货物,港口
交通 行政,港口 危险 货物,交通 运输
交通 行政,港口 危险 货物,交通 运输
交通 行政,港口 危险 货物,交通 运输
交通 行政,港口 危险 货物,交通 运输
交通 行政,港口 危险 货物,交通 运输
交通 行政,港口 危险 货物,交通 运输
交通 行政,港口 危险 货物,交通 运输
交通 行政,港口 危险 货物,交通 运输
交通 行政,港口 危险 货物,港口
交通 行政,港口 危险 货物,交通 运输
交通 行政,港口 危险 货物,交通 运输
交通 行政,港口 危险 货物,交通 运输
交通 行政,港口 危险 货物,交通 运输
交通 行政,港口 危险 货物,交通 运输
交通 行政,港口 危险 货物,港口
车辆,道路 运输 车辆,交通 运输
车辆,道路 运输 车辆,交通 运输
业户,道路 经营 业户,交通 运输
车辆,道路 运输 车辆,交通 运输
交通 行政,港口 危险 货物,交通 运输
车辆,道路 运输 车辆,交通 运输
车辆,道路 运输 车辆,交通 运输
交通 行政,港口 危险 货物,港口
交通 行政,港口 危险 货物,交通 运输
交通 行政,港口 危险 货物,交通 运输
交通 行政,港口 危险 货物,交通 运输
交通 行政,港口 危险 货物,交通 运输
交通 行政,港口 危险 货物,交通 运输
交通 行政,港口 危险 货物,交通 运输
交通 行政,港口 危险 货物,交通 运输
车辆,道路 运输 车辆,交通 运输
车辆,道路 运输 车辆,交通 运输
车辆,道路 运输 车辆,交通 运输
车辆,道路 运输 车辆,交通 运输
车辆,道路 运输 车辆,交通 运输
车辆,道路 运输 车辆,交通 运输
车辆,道路 运输 车辆,交通 运输
交通 行政,港口 危险 货物,交通 运输
交通 行政,港口 危险 货物,交通 运输
交通 行政,港口 危险 货物,交通 运输
交通 行政,港口 危险 货物,口岸
交通 行政,港口 危险 货物,港口
交通 行政,港口 危险 货物,交通 运输
车辆,道路 运输 车辆,交通 运输
业户,道路 经营 业户,交通 运输
车辆,道路 运输 车辆,交通 运输
交通 行政,港口 危险 货物,交通 运输
交通 行政,港口 危险 货物,交通 运输
交通 行政,港口 危险 货物,交通 运输
车辆,道路 运输 车辆,交通 运输
车辆,道路 运输 车辆,交通 运输
车辆,道路 运输 车辆,交通 运输
车辆,道路 运输 车辆,交通 运输
车辆,道路 运输 车辆,交通 运输
业户,道路 经营 业户,交通 运输
业户,道路 经营 业户,交通 运输
交通 行政,港口 危险 货物,交通 运输
车辆,道路 运输 车辆,交通 运输
车辆,道路 运输 车辆,交通 运输
业户,道路 经营 业户,交通 运输
车辆,道路 运输 车辆,交通 运输
车辆,道路 运输 车辆,交通 运输
车辆,道路 运输 车辆,交通 运输
交通 行政,港口 危险 货物,交通 运输
交通 行政,港口 危险 货物,港口
交通 行政,港口 危险 货物,港口
交通 行政,港口 危险 货物,港口
交通 行政,港口 危险 货物,港口
交通 行政,港口 危险 货物,港口
交通 行政,港口 危险 货物,交通 运输
交通 行政,港口 危险 货物,交通 运输
车辆,道路 运输 车辆,交通 运输
车辆,道路 运输 车辆,交通 运输
车辆,道路 运输 车辆,交通 运输
车辆,道路 运输 车辆,交通 运输
车辆,客运,交通 运输
车辆,道路 运输 车辆,交通 运输
车辆,道路 运输 车辆,交通 运输
建筑 垃圾 设置,工程 中医院 沟棠路,城市 管理
行政 准予 建设,项目 经济 开发区,行政 审批
车辆,道路 运输 车辆,交通 运输
城市道路 设施 市政,镜泊 大道 井盖,城市 管理
交通 行政,港口 危险 货物,交通 运输
交通 行政,港口 危险 货物,港口
云栾 图书店,图书 期刊 零售,新闻 出版
交通 行政,港口 危险 货物,口岸
交通 行政,港口 危险 货物,交通 运输
交通 行政,港口 危险 货物,交通 运输
交通 行政,港口 危险 货物,交通 运输
车辆,更新,交通 运输
车辆,更新,交通 运输
交通 行政,港口 危险 货物,港口
车辆,网络 出租车,交通 运输
车辆,网络 出租车,交通 运输
车辆,道路 运输 车辆,交通 运输
车辆,网络 出租车,交通 运输
交通 行政,港口 危险 货物,交通 运输
交通 行政,港口 危险 货物,交通 运输
车辆,道路 运输 车辆,交通 运输
车辆,道路 运输 车辆,交通 运输
车辆,道路 运输 车辆,交通 运输
交通 行政,港口 危险 货物,交通 运输
车辆,道路 运输 车辆,交通 运输
车辆,道路 运输 车辆,交通 运输
车辆,道路 运输 车辆,交通 运输
业户,道路 经营 业户,交通 运输
车辆,道路 运输 车辆,交通 运输
车辆,道路 运输 车辆,交通 运输
车辆,道路 运输 车辆,交通 运输
交通 行政,港口 危险 货物,港口
交通 行政,港口 危险 货物,港口
交通 行政,港口 危险 货物,交通 运输
交通 行政,港口 危险 货物,交通 运输
交通 行政,港口 危险 货物,港口
交通 行政,港口 危险 货物,港口
交通 行政,港口 危险 货物,交通 运输
准予,工程 建设 水务局,水务
准予,行政 建设 树木,园林
准予,行政 树木 审查,园林
准予,工程 建设 水务局,水务
车辆,道路 运输 车辆,交通 运输
车辆,道路 运输 车辆,交通 运输
车辆,道路 运输 车辆,交通 运输
交通 行政,港口 危险 货物,交通 运输
交通 行政,港口 危险 货物,交通 运输
交通 行政,港口 危险 货物,交通 运输
交通 行政,港口 危险 货物,交通 运输
车辆,道路 运输 车辆,交通 运输
车辆,道路 运输 车辆,交通 运输
交通 行政,港口 危险 货物,交通 运输
车辆,道路 运输 车辆,交通 运输
车辆,道路 运输 车辆,交通 运输
车辆,道路 运输 车辆,交通 运输
交通 行政,港口 危险 货物,交通 运输
交通 行政,港口 危险 货物,交通 运输
交通 行政,港口 危险 货物,交通 运输
交通 行政,港口 危险 货物,口岸
交通 行政,港口 危险 货物,交通 运输
交通 行政,港口 危险 货物,交通 运输
交通 行政,港口 危险 货物,交通 运输
交通 行政,港口 危险 货物,交通 运输
交通 行政,港口 危险 货物,交通 运输
车辆,道路 运输 车辆,交通 运输
交通 行政,港口 危险 货物,港口
交通 行政,港口 危险 货物,交通 运输
交通 行政,港口 危险 货物,交通 运输
车辆,道路 运输 车辆,交通 运输
车辆,道路 运输 车辆,交通 运输
车辆,道路 运输 车辆,交通 运输
车辆,道路 运输 车辆,交通 运输
车辆,道路 运输 车辆,交通 运输
车辆,道路 运输 车辆,交通 运输
车辆,道路 运输 车辆,交通 运输
交通 行政,港口 危险 货物,交通 运输
交通 行政,港口 危险 货物,交通 运输
交通 行政,港口 危险 货物,交通 运输
交通 行政,港口 危险 货物,港口
交通 行政,港口 危险 货物,交通 运输
交通 行政,港口 危险 货物,交通 运输
交通 行政,港口 危险 货物,交通 运输
交通 行政,港口 危险 货物,港口
准予 行政,社会 团体 章程,民政
车辆,更新,交通 运输
车辆,更新,交通 运输
许可证 建设 工程规划,建筑面积,行政 审批
许可证 建设 工程规划,建筑面积,行政 审批
广告 设置,广告,人民政府
交通 行政,港口 危险 货物,交通 运输
交通 行政,港口 危险 货物,交通 运输
交通 行政,港口 危险 货物,港口
交通 行政,港口 危险 货物,港口
交通 行政,港口 危险 货物,交通 运输
交通 行政,港口 危险 货物,交通 运输
交通 行政,港口 危险 货物,交通 运输
交通 行政,港口 危险 货物,交通 运输
交通 行政,港口 危险 货物,交通 运输
车辆,更新,交通 运输
车辆,道路 运输 车辆,交通 运输
交通 行政,准予 发证,公路 管理
交通 行政,准予 发证,公路 管理
行政 装置 设计,设计 颜料 高性能,气象
药品 备案,药品 变更 有效期,药品 监督 管理
商品房 预售 许可证,学府 熙园,城乡 建设
药品 备案,药品 变更 有效期,药品 监督 管理
行政 经营 药品,药品 零售,行政 审批
工时 工作岗位 工作制,工时,人力资源 社会保障
准予 登记 许庄,变更 登记 准予,民政
