A0,A2,A4,A5
35709,交通行政许可申请许可决定书,保税 港区 港务 危险 货物 港口 审查 港口 港口 港口 危险 货物 管理 行政,交通 运输
35710,交通行政许可申请许可决定书,保税 港区 港务 危险 货物 港口 审查 港口 港口 港口 危险 货物 管理 行政,交通 运输
35240,船舶检验证书,船舶 法定 检验,交通 运输
35909,城市建筑垃圾和工程渣土处置许可,工程 渣土,城市 管理
35911,城市建筑垃圾和工程渣土处置许可,工程 渣土,城市 管理
35771,关于睢宁县自来水公司道路挖掘的批复,华府,城市 管理
35242,船舶检验证书,船舶 法定 检验,交通 运输
35241,船舶检验证书,船舶 法定 检验,交通 运输
35915,无行政许可决定文书,专用 机动车辆,行政 审批
35916,无行政许可决定文书,专用 机动车辆,行政 审批
35917,交通行政许可申请许可决定书,集装箱 危险 货物 港口 审查 港口 港口 港口 危险 货物 管理 行政,交通 运输
35912,城市建筑垃圾和工程渣土处置许可,工程 渣土,城市 管理
35913,城市建筑垃圾和工程渣土处置许可,工程 渣土,城市 管理
35914,城市建筑垃圾和工程渣土处置许可,工程 渣土,城市 管理
35753,交通行政许可申请许可决定书,扬子 石油化工 危险 货物 港口 审查 港口 港口 港口 危险 货物 管理 行政,交通 运输
35754,交通行政许可申请许可决定书,销售 股份 石油 分公司 危险 货物 港口 审查 港口 港口 港口 危险 货物 管理 行政,口岸
35756,关于扬州市江都区针织总厂安置区项目水土保持方案的行政许可决定,工程 建设 针织 总厂 项目 仙女 富豪 花园路,水务
35750,交通行政许可申请许可决定书,保税 港区 港务 危险 货物 港口 审查 港口 港口 港口 危险 货物 管理 行政,交通 运输
35751,交通行政许可申请许可决定书,集装箱 危险 货物 港口 审查 港口 港口 港口 危险 货物 管理 行政,交通 运输
35752,交通行政许可申请许可决定书,保税 港区 港务 危险 货物 港口 审查 港口 港口 港口 危险 货物 管理 行政,交通 运输
35761,建设用地规划许可证,科技 创业园 项目,自然资源 规划
35762,建设用地规划许可证,智能 环保 设备 项目,自然资源 规划
35245,交通行政许可申请许可决定书,新东方 集装箱 码头 危险 货物 港口 审查 港口 港口 港口 危险 货物 管理 行政,港口
35248,交通行政许可申请许可决定书,扬子 石油化工 危险 货物 港口 审查 港口 港口 港口 危险 货物 管理 行政,交通 运输
35247,交通行政许可申请许可决定书,保税 港区 港务 危险 货物 港口 审查 港口 港口 港口 危险 货物 管理 行政,交通 运输
35246,交通行政许可申请许可决定书,新东方 集装箱 码头 危险 货物 港口 审查 港口 港口 港口 危险 货物 管理 行政,港口
36707,交通行政许可申请许可决定书,龙发 化工 危险 货物 港口 审查 港口 港口 港口 危险 货物 管理 行政,交通 运输
37193,建筑业企业资质的核准,建筑业 资质 证书 变更,城乡 建设
37891,医疗器械生产许可证,创面 病人 护理 防护用品 器械 口腔 材料,药品 监督 管理
37191,建筑业企业资质的核准,建筑业 资质 证书 变更,城乡 建设
37192,建筑业企业资质的核准,建筑业 资质 证书 变更,城乡 建设
37194,建筑业企业资质的核准,建筑业 资质 证书 变更,城乡 建设
37195,建筑业企业资质的核准,建筑业 资质 证书 变更,城乡 建设
33482,建筑业企业资质的核准,建筑业 资质 证书 变更,城乡 建设
37890,医疗器械注册证,试剂 生物素 标记 抗原 单克隆 抗体 小鼠 缓冲液 试剂 吖啶 标记 抗原 单克隆 抗体 小鼠 缓冲液 颗粒 链霉亲 包被 微粒 防腐 校准 人源性 肿瘤 抗原 抗原 新生 血清 校准 人源性 肿瘤 抗原 抗原 新生 血清 校准 人源性 肿瘤 抗原 抗原 新生 血清,药品 监督 管理
37889,医疗器械生产许可证,急救 设备,药品 监督 管理
37190,建筑业企业资质的核准,建筑业 资质 证书 变更,城乡 建设
34408,建筑业企业资质的核准,建筑 幕墙 工程 专业,城乡 建设
34407,建筑业企业资质的核准,电力 工程施工,城乡 建设
37182,准予行政许可决定书,劳务 派遣,行政 审批
37183,苏州市吴中区行政审批局准予行政许可决定书,道路 货物 运输,行政 审批
37186,行政许可决定书,民办非 机构 变更,人民政府
34312,食品经营许可,食品 销售 经营者,市场 监督 管理
34311,农作物种子生产经营许可证,常规 水稻 小麦,农业 农村
37893,医疗器械生产许可证,试剂 生化 分析 设备 分析 设备 试剂 蛋白质 检测 试剂 糖类 检测 试剂 激素 检测 试剂 酶类 检测 试剂 酯类 检测 试剂 药物 药物 代谢物 检测 试剂 抗体 检测 试剂 生理 生化 功能 指标 检测 试剂 维生素 检测 试剂,药品 监督 管理
37892,医疗器械生产许可证,致病性 病原体 抗原 抗体 核酸 检测 试剂,药品 监督 管理
37765,行政许可决定书,建筑物 物料 施工,城市 管理
34102,准予行政许可决定书,特种 设备 登记,行政 审批
34097,建筑业企业资质的核准,建筑业 资质 证书 变更,城乡 建设
37751,交通行政许可申请许可决定书,新东方 国际 货柜 码头 危险 货物 港口 审查 港口 港口 港口 危险 货物 管理 行政,港口
37750,交通行政许可申请许可决定书,梅兰 化工 危险 货物 港口 审查 港口 港口 港口 危险 货物 管理 行政,交通 运输
34096,建筑业企业资质的核准,建筑业 资质 证书 变更,城乡 建设
33998,商品房预售许可,燕语 光年 花园,住房 保障 房产
33492,准予行政许可决定书,停水 大道,园林
34095,建筑业企业资质的核准,建筑业 资质 证书 变更,城乡 建设
34094,建筑业企业资质的核准,建筑业 资质 证书 变更,城乡 建设
34205,准予行政许可决定书,药品 零售,行政 审批
37762,行政许可决定书,公共场所 卫生,行政 审批
34217,关于同意江苏鹏拍国际拍卖有限公司经营拍卖业务的批复,项目 部门 经营,商务
37764,行政许可决定书,变更 登记,行政 审批
37763,行政许可决定书,特种 设备 登记,行政 审批
37759,行政许可决定书,建筑物 物料 施工,行政 审批
37755,行政许可决定书,特种 设备 登记,行政 审批
37752,交通行政许可申请许可决定书,石油化工 危险 货物 港口 审查 港口 港口 港口 危险 货物 管理 行政,港口
37758,320405YX21004922,易制毒 化学品 运输,公安
37757,行政许可决定书,变更 登记,行政 审批
37181,准予许可决定书,药品 零售 变更,行政 审批
37908,准予行政许可决定书,畜禽 生产 经营,行政 审批
37166,交通行政许可申请许可决定书,油品 危险 货物 港口 审查 港口 港口 港口 危险 货物 管理 行政,交通 运输
34417,建筑业企业资质的核准,建筑业 资质 证书 变更,城乡 建设
37165,交通行政许可申请许可决定书,华扬 二氧化碳 危险 货物 港口 审查 港口 港口 港口 危险 货物 管理 行政,港口
37167,交通行政许可申请许可决定书,保税 港区 港务 危险 货物 港口 审查 港口 港口 港口 危险 货物 管理 行政,交通 运输
34416,建筑业企业资质的核准,建筑业 资质 证书 变更,城乡 建设
34415,建筑业企业资质的核准,建筑业 资质 证书 变更,城乡 建设
37168,交通行政许可申请许可决定书,保税 港区 港务 危险 货物 港口 审查 港口 港口 港口 危险 货物 管理 行政,交通 运输
37169,交通行政许可申请许可决定书,新东方 国际 货柜 码头 危险 货物 港口 审查 港口 港口 港口 危险 货物 管理 行政,港口
34418,建筑业企业资质的核准,建筑业 资质 证书 变更,城乡 建设
37153,交通行政许可申请许可决定书,液化气 危险 货物 港口 审查 港口 港口 港口 危险 货物 管理 行政,港口
37154,交通行政许可申请许可决定书,油品 危险 货物 港口 审查 港口 港口 港口 危险 货物 管理 行政,交通 运输
33374,准予行政许可决定书,设置,工业 信息化
37152,交通行政许可申请许可决定书,液化气 危险 货物 港口 审查 港口 港口 港口 危险 货物 管理 行政,港口
37155,交通行政许可申请许可决定书,保税 港区 港务 危险 货物 港口 审查 港口 港口 港口 危险 货物 管理 行政,交通 运输
34420,建筑业企业资质的核准,建筑业 资质 证书 变更,城乡 建设
34419,建筑业企业资质的核准,建筑业 资质 证书 变更,城乡 建设
34425,危险化学品经营许可,换证,行政 审批
34421,建筑业企业资质的核准,建筑业 资质 证书 变更,城乡 建设
34414,建筑业企业资质的核准,建筑业 资质 证书 变更,城乡 建设
37895,医疗器械注册证,奥氏体 不锈钢丝 经磨 品种 无菌 针体 直径 规格 无菌 A型 B型 环氧乙烷 无菌 状态,药品 监督 管理
37894,医疗器械注册证,导尿管 单腔 医用 硅橡胶 材料 双腔 医用 硅橡胶 材料 乳胶 材料 导尿管 型式 单腔 双腔 管径 单腔 导尿管 规格 双腔 导尿管 规格 导尿管 规格 产品 无菌 状态 环氧乙烷,药品 监督 管理
37896,医疗器械生产许可证,图像 传输 设备 设备 手术台,药品 监督 管理
34412,建筑业企业资质的核准,建筑 幕墙 工程 专业,城乡 建设
34411,建筑业企业资质的核准,建筑 装修 装饰 工程 专业,城乡 建设
37178,准予行政许可决定书,劳务 派遣,行政 审批
37179,生产建设项目水土保持方案审批,生产 建设 项目 水土保持 方案,行政 审批
34410,建筑业企业资质的核准,建筑 装修 装饰 工程 专业,城乡 建设
34409,建筑业企业资质的核准,电力 工程施工 工程 专业,城乡 建设
37897,医疗器械生产许可证,手术器械 普通外科 植入物 手术器械 手术器械 手术器械 手术器械 手术器械 器械 材料 手术器械 器械 内窥镜 辅助 用品 血管 内导 妇产科 手术器械,药品 监督 管理
34413,建筑业企业资质的核准,建筑业 资质 证书 变更,城乡 建设
33390,特殊建设工程消防设计审查意见书,住房 城乡 建设 市容 容城 大道 局部 地块 项目 地块 幼儿园 装修 建设 工程 消防 设计 审查,城乡 建设
33387,特殊建设工程消防设计审查意见书,住房 城乡 建设 局关 幼儿园 综合 教学楼 车库 门卫 建设 工程 消防 设计 审查,城乡 建设
33389,公共场所卫生许可（变更）,变更 法定代表 人为 徐明杰,卫生 健康 委员会
37903,高危险性体育项目经营许可,国际会议中心 经营 危险性 体育项目 游泳,旅游
33481,建筑业企业资质的核准,防腐 保温 工程 专业 建筑 装修 装饰 工程 专业,城乡 建设
37898,医疗器械注册证,吻合器 组件 器身 组件 含钉 钉片 定位 吻合器 出厂 附带 产品 无菌 状态,药品 监督 管理
33391,下蜀镇建设用地规划审批申请表,城乡规划,人民政府
33394,食品经营许可,餐饮 服务 经营者,市场 监督 管理
33910,食品经营许可,食品 销售 经营者,市场 监督 管理
37587,中华人民共和国内河船舶检验证书,船舶 法定 检验,地方 海事
37588,中华人民共和国内河船舶检验证书,船舶 法定 检验,地方 海事
33591,准予行政许可决定书,变更 登记,行政 审批
33587,建筑业企业资质的核准,建筑业 资质 证书 变更,城乡 建设
37595,中华人民共和国内河船舶检验证书,船舶 法定 检验,地方 海事
37599,建筑业企业资质的核准,建筑业 资质 证书 变更,城乡 建设
37600,建筑业企业资质的核准,建筑业 资质 证书 变更,城乡 建设
37596,中华人民共和国内河船舶检验证书,船舶 法定 检验,地方 海事
37598,建筑业企业资质的核准,建筑业 资质 证书 变更,城乡 建设
33593,准予行政许可决定书,停水,园林
33679,商品房预售许可,水木 花园 丁香,住房 保障 房产
37567,交通行政许可申请许可决定书,新东方 集装箱 码头 危险 货物 港口 审查 港口 港口 港口 危险 货物 管理 行政,港口
37740,交通行政许可申请许可决定书,港龙 港务 危险 货物 港口 审查 港口 港口 港口 危险 货物 管理 行政,交通 运输
33691,商品房预售许可,锦方 苑东苑,住房 保障 房产
37568,交通行政许可申请许可决定书,股份 分公司 危险 货物 港口 审查 港口 港口 港口 危险 货物 管理 行政,交通 运输
33600,食品经营许可,食品 销售 经营者,市场 监督 管理
33594,准予行政许可决定书,药品 零售 换证,行政 审批
37569,交通行政许可申请许可决定书,码头 危险 货物 港口 审查 港口 港口 港口 危险 货物 管理 行政,交通 运输
37570,交通行政许可申请许可决定书,码头 危险 货物 港口 审查 港口 港口 港口 危险 货物 管理 行政,交通 运输
37601,建筑业企业资质的核准,建筑业 资质 证书 变更,城乡 建设
37733,医疗器械注册证,弧型 吻合器 组件 组件 弧形 吻合器 规格 厚度 高度 尺寸 吻合器 器身 组件 吻合器 器身 组件 附件 手术 组件 吻合器 组件 吻合器 出厂 规格 组件 产品 无菌 状态 环氧乙烷,药品 监督 管理
37734,药品出口准许证,特药 蛋肽 出口,药品 监督 管理
37731,医疗器械注册证,蒸汽 灭菌器 外壳 蒸汽 管道 系统 材质 不锈钢板 压制,药品 监督 管理
37732,医疗器械注册证,配药 注射器 外套 芯杆 活塞 配药 配药 针管 护套 针座 产品 公称 容量 规格 配药 针分 斜面 侧孔 规格 配药 针管 管壁 薄壁 产品 无菌 形式 环氧乙烷,药品 监督 管理
37735,药品经营许可证,药品 变更,药品 监督 管理
37738,交通行政许可申请许可决定书,中国石化集团 金陵 石油化工 危险 货物 港口 审查 港口 港口 港口 危险 货物 管理 行政,交通 运输
37737,交通行政许可申请许可决定书,石油化工 危险 货物 港口 审查 港口 港口 港口 危险 货物 管理 行政,交通 运输
37736,交通行政许可申请许可决定书,梅兰 化工 危险 货物 港口 审查 港口 港口 港口 危险 货物 管理 行政,交通 运输
37739,交通行政许可申请许可决定书,保税 港区 港务 危险 货物 港口 审查 港口 港口 港口 危险 货物 管理 行政,交通 运输
37730,医疗器械生产许可证,射频 手术 设备 附件 手术器械 手术器械 手术器械 手术器械 器械 内窥镜 辅助 用品 血管 内导,药品 监督 管理
37606,行政许可决定书,变更 登记,行政 审批
37607,行政许可决定书,分公司 变更 登记,行政 审批
37602,行政许可决定书,变更 登记,行政 审批
37603,行政许可决定书,动物 动物 产品 检疫 合格证 动物 产地 检疫,农业 农村
37725,医疗器械注册证,直线 吻合器 组件 吻合器 组件 吻合器 手柄 推钮 手柄 组件 组件 钉片 吻合器 组件 组件 直线 吻合器 组件 型号 型号 厚度 规格 高度 尺寸 产品 无菌 状态 环氧乙烷,药品 监督 管理
37728,医疗器械注册证,配药 注射器 配药 配药 配药 头式 偏头 外套 芯杆 活塞 配药 保护套 针管 针座 外套 芯杆 针座 保护套 聚丙烯 材料 活塞 天然橡胶 针管 材料 型式 斜面 针管 侧孔 针管 外径 产品 无菌 状态 环氧乙烷,药品 监督 管理
37729,医疗器械注册证,水泥 搅拌器 结构 附件 搅拌棒 定位 软管 部件 搅拌棒 部件 产品 无菌 状态 环氧乙烷,药品 监督 管理
37726,医疗器械注册证,振动 治疗仪 机架 传动 软轴 系统 系统 电源 系统,药品 监督 管理
37727,药品经营许可证,药品 变更,药品 监督 管理
33697,社会团体登记证书,社会 团体 变更 法人 陈震 变更 吴坚,民政
37380,建设项目用地预审与选址意见书,旅游 路段,自然资源 规划
37381,建设项目用地预审与选址意见书,旅游,自然资源 规划
37378,建设工程消防设计审核意见书,经济 技术开发区 项目 建设 工程,城乡 建设
37379,准予变更行政许可决定书,处方药 中成药 中药饮片 化学 药制剂 抗生素 制剂 生化 药品 生物制品 血液制品,市场 监督 管理
37384,建筑业企业资质的核准,建筑业 资质 证书 变更,城乡 建设
33586,建筑业企业资质的核准,建筑业 资质 证书 变更,城乡 建设
37386,建筑业企业资质的核准,建筑业 资质 证书 变更,城乡 建设
37385,建筑业企业资质的核准,建筑业 资质 证书 变更,城乡 建设
33585,建筑业企业资质的核准,建筑业 资质 证书 变更,城乡 建设
37377,对外贸易经营者备案登记,经营者 备案 登记 益农 化工,商务
33494,准予行政许可决定书,雷电 防护装置 设计,气象
33875,商品房预售许可,都会,住房 保障 房产
33493,准予行政许可决定书,装潢 印刷品 印刷品 印刷 登记 事项 变更,行政 审批
33898,建筑业企业资质证书,重组,城乡 建设
37373,建设用地规划许可证,淮展 置业 奥体中心 幼儿园 项目,自然资源 规划
33584,建筑业企业资质的核准,建筑业 资质 证书 变更,城乡 建设
37376,对外贸易经营者备案登记,经营者 备案 登记 半导体,商务
33868,准予行政许可决定书,裕昌 药房 青创 园店,行政 审批
37375,对外贸易经营者备案登记,经营者 备案 登记 荣丰 进出口,商务
33866,建筑业企业资质的核准,建筑业 资质 证书 变更,城乡 建设
37402,建筑业企业资质的核准,公路 交通 工程 公路 设施 专业 公路 交通 工程 公路 机电 工程 专业,城乡 建设
37404,园林绿化准予行政许可决定书,胸径 法桐 消险 更新 季节,园林
37400,建筑业企业资质的核准,建筑业 资质 证书 变更,城乡 建设
37401,建筑业企业资质的核准,特种 工程 特种 技术 专业,城乡 建设
37463,园林绿化准予行政许可决定书,胸径 法桐 消险,园林
37558,医疗器械生产许可证,致病性 病原体 抗原 抗体 核酸 检测 试剂 血型 配型 试剂 人类基因 检测 试剂 遗传性 试剂 麻醉药品 精神药品 医疗 毒性 药品 检测 试剂 药物 靶点 检测 试剂 肿瘤 标志物 检测 试剂 过敏原 试剂 流式 技术 试剂 血液学 分析 设备 生化 分析 设备 电解质 血气 分析 设备 分析 设备 分子生物学 分析 设备 分析 设备 尿液 样本 分析 设备 医用 分析 设备 检验 辅助 设备 检测 癌胚抗原 检测 抗原 蛋白质 检测 试剂 糖类 检测 试剂 激素 检测 试剂 酶类 检测 试剂 酯类 检测 试剂 无机 离子 检测 试剂 药物 药物 代谢物 检测 试剂 抗体 检测 试剂 试验 试剂 生理 生化 功能 指标 检测 试剂 维生素 检测 试剂 检测 抗原 检测 细胞 角蛋白 检测 抗原 检测 鳞状 抗原 检测 附睾 蛋白 检测 神经元 特异性 烯醇 化酶 检测 肿瘤 抗原 血源 细胞 试剂,药品 监督 管理
37559,医疗器械注册证,计量 计量 液袋 关系 单体 串联式 型式 单体 计量 计量 计量 通气口 绳索 计量 计量 液袋 计量 计量 液袋 计量 绳索 通气口 液袋 液袋 计量 计量 液袋 液袋 计量 挂带 通气口 计量 计量 液袋 液袋 产品 无菌 状态 环氧乙烷,药品 监督 管理
37556,医疗器械注册证,电极 电极 手柄 电线 插头 绝缘 套管 套管,药品 监督 管理
37557,医疗器械注册证,吻合器 组件 器身 钉片 定位 限位 吻合器 产品 结构 规格 吻合器 出厂 产品 无菌 状态,药品 监督 管理
37399,行政许可决定书,注销 登记,行政 审批
37392,店招标牌,品品 白金 老白茶,综合 行政 执法
33786,准予药品经营许可证换发行政许可决定书,处方药 化学 药制剂 抗生素 制剂 生化 药品 中成药 中药饮片 生物制品 疫苗,行政 审批
33865,建筑业企业资质的核准,建筑业 资质 证书 变更,城乡 建设
37391,店招标牌,语绣,综合 行政 执法
33780,建筑业企业资质的核准,建筑业 资质 证书 变更,城乡 建设
37397,行政许可决定书,广告 设施 设置,人民政府
37398,行政许可决定书,广告 张挂 张贴 宣传品 设置,人民政府
37395,行政许可决定书,分公司 变更 登记,行政 审批
37396,行政许可决定书,注销 登记,行政 审批
36871,交通行政许可申请许可决定书,新东方 国际 货柜 码头 危险 货物 港口 审查 港口 港口 港口 危险 货物 管理 行政,港口
32990,建筑业企业资质的核准,建筑业 资质 证书 变更,城乡 建设
36872,交通行政许可申请许可决定书,危险 货物 港口 审查 港口 港口 港口 危险 货物 管理 行政,交通 运输
36936,交通行政许可申请许可决定书,保税 港区 港务 危险 货物 港口 审查 港口 港口 港口 危险 货物 管理 行政,交通 运输
33250,建筑业企业资质的核准,建筑业 资质 证书 变更,城乡 建设
32989,建筑业企业资质的核准,建筑业 资质 证书 变更,城乡 建设
33249,建筑业企业资质的核准,建筑业 资质 证书 变更,城乡 建设
36941,准予许可决定书,药品 零售,行政 审批
36932,交通行政许可申请许可决定书,石油 燃料 沥青 危险 货物 港口 审查 港口 港口 港口 危险 货物 管理 行政,口岸
36933,交通行政许可申请许可决定书,梅兰 化工 危险 货物 港口 审查 港口 港口 港口 危险 货物 管理 行政,交通 运输
36930,交通行政许可申请许可决定书,国邦 港务 危险 货物 港口 审查 港口 港口 港口 危险 货物 管理 行政,交通 运输
36931,交通行政许可申请许可决定书,国邦 港务 危险 货物 港口 审查 港口 港口 港口 危险 货物 管理 行政,交通 运输
36935,交通行政许可申请许可决定书,保税 港区 港务 危险 货物 港口 审查 港口 港口 港口 危险 货物 管理 行政,交通 运输
36873,交通行政许可申请许可决定书,梅兰 化工 危险 货物 港口 审查 港口 港口 港口 危险 货物 管理 行政,交通 运输
36934,交通行政许可申请许可决定书,保税 港区 港务 危险 货物 港口 审查 港口 港口 港口 危险 货物 管理 行政,交通 运输
33118,建筑业企业资质的核准,防腐 保温 工程 专业 建筑 幕墙 工程 专业 特种 工程 特种 技术 专业,城乡 建设
36953,交通行政许可申请许可决定书,石油化工 危险 货物 港口 审查 港口 港口 港口 危险 货物 管理 行政,交通 运输
38085,危险化学品经营许可,易制爆 危化品 硝酸 危化品 丙烯 二甲醚 戊烷 戊烷 环己烷 正己烷 甲基 戊烷 二甲基 丁烷 甲氧基 甲烷 甲酸 甲酯 甲酸 乙酯 石油醚 石脑油 庚烷 辛烷 异辛烷 甲基 环己烷 庚烷 二氯乙烷 二氯 丙烷 乙苯 甲醇 乙醇 丙醇 丙醇 甲基 丙醇 甲基 戊酮 羟基 甲基 戊酮 甲基 丁基 甲氧基 乙烷 乙酸 甲酯 丙烯酸甲酯 乙酸乙酯 乙酸 正丙酯 乙酸 丁酯 乙酸 丁酯 丙烯酸 乙酯 甲基丙烯酸甲酯 碳酸 二甲酯 煤焦油 二甲苯 二甲苯 异构体 混合物 甲基 苯乙烯 甲基 丙醇 正丁醇 戊醇 丙二醇 乙醚 甲氧基 乙酸乙酯 乙二醇 乙醚 丁基 环己酮 丙烯酸 丁酯 二甲基甲酰胺 松节油 硝化 沥青 甲苯 环氧丙烷 苯酚 巯基乙醇 二氯甲烷 三氯乙烷 三氯乙烷 氯乙烯 氧基 乙醇 甲基 苯胺 乙酸 含量 丙烯酸 马来 酸酐 邻苯二甲酸酐 马来 酸酐 氢氧化钠 氨基 乙醇 羟基 二乙胺 甲醛 溶液 亚硝基 甲基 四胺 乙酸 乙二醇 乙醚 易制毒 化学品 丙酮 丁酮 硫酸 盐酸 甲苯 乙醚 品种 储存 经营品种 行政,应急 管理
36951,交通行政许可申请许可决定书,保税 港区 港务 危险 货物 港口 审查 港口 港口 港口 危险 货物 管理 行政,交通 运输
36952,交通行政许可申请许可决定书,保税 港区 港务 危险 货物 港口 审查 港口 港口 港口 危险 货物 管理 行政,交通 运输
38126,交通行政许可申请许可决定书,化工 码头 危险 货物 港口 审查 港口 港口 港口 危险 货物 管理 行政,口岸
38127,交通行政许可申请许可决定书,石油化工 危险 货物 港口 审查 港口 港口 港口 危险 货物 管理 行政,港口
33252,建筑业企业资质的核准,建筑业 资质 证书 变更,城乡 建设
38125,交通行政许可申请许可决定书,阳鸿 危险 货物 港口 审查 港口 港口 港口 危险 货物 管理 行政,交通 运输
36944,准予许可决定书,药品 零售 变更,行政 审批
36945,准予行政许可决定书,劳务 派遣,行政 审批
36943,准予许可决定书,药品 零售 变更,行政 审批
38124,交通行政许可申请许可决定书,股份 分公司 危险 货物 港口 审查 港口 港口 港口 危险 货物 管理 行政,交通 运输
36949,交通行政许可申请许可决定书,油品 危险 货物 港口 审查 港口 港口 港口 危险 货物 管理 行政,交通 运输
36950,交通行政许可申请许可决定书,保税 港区 港务 危险 货物 港口 审查 港口 港口 港口 危险 货物 管理 行政,交通 运输
33251,建筑业企业资质的核准,建筑业 资质 证书 变更,城乡 建设
36948,交通行政许可申请许可决定书,扬子 物流 危险 货物 港口 审查 港口 港口 港口 危险 货物 管理 行政,交通 运输
36929,交通行政许可申请许可决定书,保税 港区 港务 危险 货物 港口 审查 港口 港口 港口 危险 货物 管理 行政,交通 运输
34787,交通行政许可申请许可决定书,梅兰 化工 危险 货物 港口 审查 港口 港口 港口 危险 货物 管理 行政,交通 运输
34786,交通行政许可申请许可决定书,化工 码头 危险 货物 港口 审查 港口 港口 港口 危险 货物 管理 行政,口岸
38103,中华人民共和国港口经营许可证,港口 经营,交通 运输
34788,交通行政许可申请许可决定书,永盛 化工 危险 货物 港口 审查 港口 港口 港口 危险 货物 管理 行政,交通 运输
36879,交通行政许可申请许可决定书,扬子 嘉盛 码头 危险 货物 港口 审查 港口 港口 港口 危险 货物 管理 行政,口岸
38108,行政许可决定书,变更 登记,行政 审批
36880,交通行政许可申请许可决定书,新东方 国际 货柜 码头 危险 货物 港口 审查 港口 港口 港口 危险 货物 管理 行政,港口
38107,行政许可决定书,特种 设备 登记,行政 审批
36883,交通行政许可申请许可决定书,保税 港区 港务 危险 货物 港口 审查 港口 港口 港口 危险 货物 管理 行政,交通 运输
36884,交通行政许可申请许可决定书,梅兰 化工 危险 货物 港口 审查 港口 港口 港口 危险 货物 管理 行政,交通 运输
36882,交通行政许可申请许可决定书,股份 分公司 危险 货物 港口 审查 港口 港口 港口 危险 货物 管理 行政,交通 运输
36881,交通行政许可申请许可决定书,恒基 达鑫 国际 化工 危险 货物 港口 审查 港口 港口 港口 危险 货物 管理 行政,交通 运输
38106,行政许可决定书,建筑工程 施工,行政 审批
38105,320405GB21102142,易制毒 化学品 备案,公安
36885,交通行政许可申请许可决定书,保税 港区 港务 危险 货物 港口 审查 港口 港口 港口 危险 货物 管理 行政,交通 运输
36886,交通行政许可申请许可决定书,股份 分公司 危险 货物 港口 审查 港口 港口 港口 危险 货物 管理 行政,交通 运输
38112,建筑业企业资质的核准,建筑 装修 装饰 工程 专业,城乡 建设
33144,建筑业企业资质证书,重组,城乡 建设
33138,关于同意南京睿和祥拍卖有限公司经营拍卖业务的批复,项目 部门 经营,商务
38111,建筑业企业资质的核准,建筑业 资质 证书 变更,城乡 建设
33155,高危险性体育项目经营许可证,危险性 体育运动 游泳,行政 审批
38115,建筑业企业资质的核准,建筑业 资质 证书 变更,城乡 建设
38113,建筑业企业资质的核准,特种 工程 设备 吊装 专业,城乡 建设
38114,建筑业企业资质的核准,建筑业 资质 证书 变更,城乡 建设
36900,交通行政许可申请许可决定书,化工 码头 危险 货物 港口 审查 港口 港口 港口 危险 货物 管理 行政,口岸
36901,交通行政许可申请许可决定书,新东方 国际 货柜 码头 危险 货物 港口 审查 港口 港口 港口 危险 货物 管理 行政,港口
38110,建筑业企业资质的核准,建筑业 资质 证书 变更,城乡 建设
36899,交通行政许可申请许可决定书,梅兰 化工 危险 货物 港口 审查 港口 港口 港口 危险 货物 管理 行政,交通 运输
36904,交通行政许可申请许可决定书,保税 港区 港务 危险 货物 港口 审查 港口 港口 港口 危险 货物 管理 行政,交通 运输
36905,交通行政许可申请许可决定书,保税 港区 港务 危险 货物 港口 审查 港口 港口 港口 危险 货物 管理 行政,交通 运输
36902,交通行政许可申请许可决定书,石油化工 危险 货物 港口 审查 港口 港口 港口 危险 货物 管理 行政,港口
36903,交通行政许可申请许可决定书,船舶 燃料 危险 货物 港口 审查 港口 港口 港口 危险 货物 管理 行政,港口
37138,交通行政许可申请许可决定书,集装箱 危险 货物 港口 审查 港口 港口 港口 危险 货物 管理 行政,交通 运输
34718,医疗器械注册证,产品 腕带 组件 硅胶 按键 电极 组件 主板 液晶屏 锂电池 充电器 电极 材质 表面 镀铬 材质,药品 监督 管理
38070,医疗器械注册证,日光 紫外线 模拟器 腔体,药品 监督 管理
38069,医疗器械注册证,医用 口罩 口罩 口罩 鼻夹 口罩 内层 面层 纺粘 无纺布 无纺布 热风 聚酯纤维 外层 纺粘 无纺布 可塑性 材料 口罩 涤纶 氨纶 产品 无菌 无菌 状态 无菌 产品 环氧乙烷,药品 监督 管理
37985,园林绿化准予行政许可决定书,白下 园区 太阳能 项目 建设 绿地,园林
37940,建筑业企业资质的核准,建筑业 资质 证书 变更,城乡 建设
34717,医疗器械注册证,医用 脱脂 纱布 脱脂 纱布 原料 层数 纱线 规格 产品 无菌 无菌 状态 无菌 产品 环氧乙烷,药品 监督 管理
34716,医疗器械注册证,导尿管 单腔 双腔 镊子 医用 纱布 医用 棉球 硅油 棉球 酒精 棉球 棉球 橡胶 检查 手套 孔巾 尿样 尿样 别针 塑料 单腔 导尿管 规格 双腔 导尿管 规格 导尿管 规格 产品 无菌 状态 环氧乙烷,药品 监督 管理
38071,医疗器械生产许可证,眼科 器具,药品 监督 管理
34719,医疗器械生产许可证,脊柱 外科 辅助 器械 植入物 脊柱 植入物 普通外科 植入物 手术器械 手术器械 手术器械 手术器械 手术器械 器械 材料 手术器械 冲吸器 脊柱 外科 辅助 器械 内窥镜 辅助 用品 电疗 设备 器具 磁疗 设备 器具,药品 监督 管理
38076,医疗器械生产许可证,蛋白质 检测 试剂,药品 监督 管理
34721,医疗器械注册证,肛肠 吻合器 附件 吻合器 附件 吻合器 组件 手柄 保险 手柄 调节 螺母 刀圈 环形 组件 器身 连接成 一体 附件 扩张器 勾线 组件 外径 型号 产品 无菌 状态 环氧乙烷,药品 监督 管理
34720,医疗器械注册证,酒精 酒精 无纺布 铝箔纸 产品 无菌 状态,药品 监督 管理
38073,医疗器械生产许可证,血液学 分析 设备 分析 设备 蛋白质 检测 试剂 激素 检测 试剂 酶类 检测 试剂 抗体 检测 试剂 生理 生化 功能 指标 检测 试剂 维生素 检测 试剂,药品 监督 管理
38072,医疗器械注册证,外科 刀头 刀头 手柄,药品 监督 管理
38075,医疗器械生产许可证,射频 手术 设备 附件 手术器械 手术器械 器械 普通外科 植入物 器械 手术器械 手术器械 手术器械 手术器械 手术器械 手术器械 器械 材料 手术器械 器械 影像 设备 光学 设备 血管 内导 妇产科 手术器械,药品 监督 管理
38074,医疗器械注册证,医用 背衬 聚氨酯 薄膜 离型纸 粘合剂 医用 丙烯酸酯 材料 规格 A型 B型 尺寸 产品 无菌 状态 环氧乙烷,药品 监督 管理
37939,行政许可决定书,变更 登记,行政 审批
34619,危险化学品经营许可,变更 法人,行政 审批
34429,食品经营许可,食品 销售 经营者,市场 监督 管理
33263,准予行政许可决定书,公共场所 卫生 新证,卫生 健康 委员会
33264,高危险性体育项目经营许可证,危险性 体育运动 游泳,行政 审批
37151,交通行政许可申请许可决定书,液化气 危险 货物 港口 审查 港口 港口 港口 危险 货物 管理 行政,港口
33373,泰州市行政审批局准予行政许可决定书,麻醉药品 精神药品 证明,行政 审批
36708,交通行政许可申请许可决定书,危险 货物 港口 审查 港口 港口 港口 危险 货物 管理 行政,交通 运输
34426,准予行政许可决定书,建筑物 物料 施工,城市 管理
33259,准予行政许可决定书,设置,工业 信息化
37936,320405GB21102041,易制毒 化学品 备案,公安
37933,行政许可决定书,建设 项目 环境影响 报告 排污口 设置 建设 项目,环境
37938,行政许可决定书,变更 登记,行政 审批
37937,行政许可决定书,注销 登记,行政 审批
33255,建筑业企业资质的核准,建筑业 资质 证书 变更,城乡 建设
36709,交通行政许可申请许可决定书,利士 化工 危险 货物 港口 审查 港口 港口 港口 危险 货物 管理 行政,口岸
37931,行政许可决定书,经营者 备案 登记,行政 审批
33254,建筑业企业资质的核准,建筑业 资质 证书 变更,城乡 建设
34722,医疗器械注册证,医用 脉冲 冲洗器 聚氯乙烯 枪体 电源 管套 保护套 瓶塞 流量 调节器 出液 聚氯乙烯 进液 聚氯乙烯 环氧乙烷 状态 供货,药品 监督 管理
34753,交通行政许可申请许可决定书,中国石化集团 金陵 石油化工 危险 货物 港口 审查 港口 港口 港口 危险 货物 管理 行政,交通 运输
34752,交通行政许可申请许可决定书,港务 危险 货物 港口 审查 港口 港口 港口 危险 货物 管理 行政,交通 运输
34755,交通行政许可申请许可决定书,股份 分公司 危险 货物 港口 审查 港口 港口 港口 危险 货物 管理 行政,交通 运输
34754,交通行政许可申请许可决定书,新东方 国际 货柜 码头 危险 货物 港口 审查 港口 港口 港口 危险 货物 管理 行政,港口
38132,园林绿化准予行政许可决定书,高杆 女贞 白玉兰 榉树 楝树,园林
38077,医疗器械注册证,导管 导管 聚氯乙烯 材料 形状 A型 B型 管身 外径 规格 产品 无菌 状态 环氧乙烷,药品 监督 管理
34747,交通行政许可申请许可决定书,梅兰 化工 危险 货物 港口 审查 港口 港口 港口 危险 货物 管理 行政,交通 运输
38079,医疗器械注册证,胃管 医用 聚氯乙烯 塑料 医用 硅胶 材料 医用 聚氨脂 材料 导管 尺寸 规格 型式 胃管 耳式 胃管 导丝 胃管 不锈钢 珠胃 产品 无菌 状态 环氧乙烷,药品 监督 管理
38078,医疗器械注册证,内窥镜 套扎器 手柄 水管 硅橡胶 部件 分子量 聚乙烯 纤维 产品 无菌 状态 环氧乙烷,药品 监督 管理
38130,交通行政许可申请许可决定书,保税 港区 港务 危险 货物 港口 审查 港口 港口 港口 危险 货物 管理 行政,交通 运输
38131,交通行政许可申请许可决定书,集装箱 危险 货物 港口 审查 港口 港口 港口 危险 货物 管理 行政,交通 运输
38128,交通行政许可申请许可决定书,阿尔法 石油化工 码头 危险 货物 港口 审查 港口 港口 港口 危险 货物 管理 行政,口岸
38129,交通行政许可申请许可决定书,保税 港区 港务 危险 货物 港口 审查 港口 港口 港口 危险 货物 管理 行政,交通 运输
36741,建筑工程施工许可,建筑 工程施工,行政 审批
34757,交通行政许可申请许可决定书,液化气 危险 货物 港口 审查 港口 港口 港口 危险 货物 管理 行政,港口
34756,交通行政许可申请许可决定书,海泰 油品 危险 货物 港口 审查 港口 港口 港口 危险 货物 管理 行政,交通 运输
36710,交通行政许可申请许可决定书,石油 销售 危险 货物 港口 审查 港口 港口 港口 危险 货物 管理 行政,交通 运输
33253,建筑业企业资质的核准,建筑业 资质 证书 变更,城乡 建设
34746,交通行政许可申请许可决定书,石油 燃料 沥青 危险 货物 港口 审查 港口 港口 港口 危险 货物 管理 行政,口岸
34724,医疗器械注册证,试剂 生物素 标记 抗原 单克隆 抗体 小鼠 缓冲液 防腐 试剂 吖啶 标记 抗原 单克隆 抗体 小鼠 缓冲液 防腐 颗粒 链霉亲 标记 颗粒 防腐 校准 人源性 新生 血清 校准 人源性 新生 血清 校准 人源性 新生 血清,药品 监督 管理
34744,交通行政许可申请许可决定书,梅兰 化工 危险 货物 港口 审查 港口 港口 港口 危险 货物 管理 行政,交通 运输
34737,准予许可决定书,影视 广播 报纸 期刊 印刷品 网络,卫生 健康 委员会
34742,船舶检验证书,船舶 法定 检验,交通 运输
34743,船舶检验证书,船舶 法定 检验,交通 运输
37127,交通行政许可申请许可决定书,燃料油 销售 分公司 危险 货物 港口 审查 港口 港口 港口 危险 货物 管理 行政,口岸
34745,交通行政许可申请许可决定书,石油化工 危险 货物 港口 审查 港口 港口 港口 危险 货物 管理 行政,港口
34723,医疗器械注册证,支架 外形 结构 万向 万向 万向 万向 万向 万向 型号 金属件 不锈钢 材料 铝合金 材料 材料 产品 无菌 状态,药品 监督 管理
33014,建筑业企业资质证书,变更,城乡 建设
33006,建筑业企业资质证书,变更,城乡 建设
35254,交通行政许可申请许可决定书,新东方 国际 货柜 码头 危险 货物 港口 审查 港口 港口 港口 危险 货物 管理 行政,港口
35260,交通行政许可申请许可决定书,新东方 集装箱 码头 危险 货物 港口 审查 港口 港口 港口 危险 货物 管理 行政,港口
33018,建筑业企业资质证书,变更,城乡 建设
35256,交通行政许可申请许可决定书,国望 高科 纤维 危险 货物 港口 审查 港口 港口 港口 危险 货物 管理 行政,交通 运输
35451,关于车辆许可决定书,道路 运输 车辆,交通 运输
32995,园林绿化准予行政许可决定书,干径 黄连木 干径 高杆 女贞 干径 干径 榉树 干径 雪松 干径 构树 干径 泡桐 干径 水杉,园林
35255,交通行政许可申请许可决定书,集装箱 危险 货物 港口 审查 港口 港口 港口 危险 货物 管理 行政,交通 运输
35257,交通行政许可申请许可决定书,中国石化集团 金陵 石油化工 危险 货物 港口 审查 港口 港口 港口 危险 货物 管理 行政,交通 运输
32999,南京城市绿化条例,城市绿化 本局 地点 莲池 面积 标准 绿化,城市 管理
35259,交通行政许可申请许可决定书,集装箱 危险 货物 港口 审查 港口 港口 港口 危险 货物 管理 行政,交通 运输
35258,交通行政许可申请许可决定书,梅兰 化工 危险 货物 港口 审查 港口 港口 港口 危险 货物 管理 行政,交通 运输
33486,建筑工程施工许可证,电喇叭 生产线 项目,行政 审批
33487,建筑工程施工许可证,消防器材 消防 消防 水枪 消防 水炮 钢质 防火门 酸洗 磷化 生产工艺 钢质 木质 防火门,行政 审批
35297,交通行政许可申请许可决定书,石油 天然气 股份 销售 分公司 危险 货物 港口 审查 港口 港口 港口 危险 货物 管理 行政,交通 运输
35295,交通行政许可申请许可决定书,永盛 化工 危险 货物 港口 审查 港口 港口 港口 危险 货物 管理 行政,交通 运输
35296,交通行政许可申请许可决定书,中国石化集团 金陵 石油化工 危险 货物 港口 审查 港口 港口 港口 危险 货物 管理 行政,交通 运输
35276,交通行政许可申请许可决定书,股份 危险 货物 港口 审查 港口 港口 港口 危险 货物 管理 行政,交通 运输
35275,交通行政许可申请许可决定书,梅兰 化工 危险 货物 港口 审查 港口 港口 港口 危险 货物 管理 行政,交通 运输
35277,交通行政许可申请许可决定书,戴梦特 化工 科技股份 危险 货物 港口 审查 港口 港口 港口 危险 货物 管理 行政,交通 运输
35279,交通行政许可申请许可决定书,龙翔 液体化工 储运 码头 危险 货物 港口 审查 港口 港口 港口 危险 货物 管理 行政,交通 运输
35278,交通行政许可申请许可决定书,梅兰 化工 危险 货物 港口 审查 港口 港口 港口 危险 货物 管理 行政,交通 运输
33485,建筑工程施工许可证,水润隆 小区 管网 设施 工程,行政 审批
35288,关于车辆许可决定书,道路 运输 车辆,交通 运输
35289,关于车辆许可决定书,道路 运输 车辆,交通 运输
33385,建筑工程施工许可,建筑 工程施工,行政 审批
33273,准予行政许可决定书,卫生 许可证,卫生 健康 委员会
33256,泰州市行政审批局准予        行政许可决定书,药品 经营,行政 审批
35293,交通行政许可申请许可决定书,扬子 石油化工 危险 货物 港口 审查 港口 港口 港口 危险 货物 管理 行政,交通 运输
35294,交通行政许可申请许可决定书,集装箱 危险 货物 港口 审查 港口 港口 港口 危险 货物 管理 行政,交通 运输
35292,关于车辆许可决定书,道路 运输 车辆,交通 运输
35290,关于车辆许可决定书,道路 运输 车辆,交通 运输
35291,关于车辆许可决定书,道路 运输 车辆,交通 运输
35274,交通行政许可申请许可决定书,新东方 国际 货柜 码头 危险 货物 港口 审查 港口 港口 港口 危险 货物 管理 行政,港口
35446,关于车辆许可决定书,道路 运输 车辆,交通 运输
35447,关于车辆许可决定书,道路 运输 车辆,交通 运输
33142,建筑业企业资质证书,变更,城乡 建设
35312,中华人民共和国内河船舶检验证书,船舶 法定 检验,地方 海事
33143,建筑业企业资质证书,变更,城乡 建设
35262,交通行政许可申请许可决定书,燃料油 销售 分公司 危险 货物 港口 审查 港口 港口 港口 危险 货物 管理 行政,口岸
35261,交通行政许可申请许可决定书,石油 天然气 股份 销售 分公司 危险 货物 港口 审查 港口 港口 港口 危险 货物 管理 行政,交通 运输
33122,准予行政许可决定书,电影 电影 变更 法人,行政 审批
33135,建筑业企业资质证书,变更,城乡 建设
33134,南京城市绿化条例,城市绿化 本局 地点 面积 标准 绿化,城市 管理
33145,建筑业企业资质证书,变更,城乡 建设
35270,关于车辆许可决定书,更新,交通 运输
35269,关于车辆许可决定书,更新,交通 运输
35271,关于车辆许可决定书,道路 运输 车辆,交通 运输
35273,交通行政许可申请许可决定书,新东方 国际 货柜 码头 危险 货物 港口 审查 港口 港口 港口 危险 货物 管理 行政,港口
35272,关于车辆许可决定书,道路 运输 车辆,交通 运输
33154,建筑业企业资质证书,变更,城乡 建设
33149,建筑业企业资质证书,变更,城乡 建设
35301,关于车辆许可决定书,道路 运输 车辆,交通 运输
33495,食品经营许可,食品 销售 经营者,市场 监督 管理
33158,南京城市绿化条例,城市绿化 本局 地点 纪念馆 面积 绿化,城市 管理
35253,交通行政许可申请许可决定书,新东方 国际 货柜 码头 危险 货物 港口 审查 港口 港口 港口 危险 货物 管理 行政,港口
34766,交通行政许可申请许可决定书,易联 能源 危险 货物 港口 审查 港口 港口 港口 危险 货物 管理 行政,港口
34765,交通行政许可申请许可决定书,梅兰 化工 危险 货物 港口 审查 港口 港口 港口 危险 货物 管理 行政,交通 运输
34990,建设工程规划许可证,建设 工程规划 许可证,自然资源 规划
34767,交通行政许可申请许可决定书,石油 危险 货物 港口 审查 港口 港口 港口 危险 货物 管理 行政,港口
34764,交通行政许可申请许可决定书,集装箱 危险 货物 港口 审查 港口 港口 港口 危险 货物 管理 行政,交通 运输
34761,交通行政许可申请许可决定书,新东方 国际 货柜 码头 危险 货物 港口 审查 港口 港口 港口 危险 货物 管理 行政,港口
34760,交通行政许可申请许可决定书,新东方 国际 货柜 码头 危险 货物 港口 审查 港口 港口 港口 危险 货物 管理 行政,港口
34763,交通行政许可申请许可决定书,集装箱 危险 货物 港口 审查 港口 港口 港口 危险 货物 管理 行政,交通 运输
34762,交通行政许可申请许可决定书,新东方 国际 货柜 码头 危险 货物 港口 审查 港口 港口 港口 危险 货物 管理 行政,港口
34768,交通行政许可申请许可决定书,易联 能源 危险 货物 港口 审查 港口 港口 港口 危险 货物 管理 行政,港口
34773,交通行政许可申请许可决定书,新东方 国际 货柜 码头 危险 货物 港口 审查 港口 港口 港口 危险 货物 管理 行政,港口
34772,交通行政许可申请许可决定书,集装箱 危险 货物 港口 审查 港口 港口 港口 危险 货物 管理 行政,交通 运输
34775,交通行政许可申请许可决定书,保税区 国际 港务 危险 货物 港口 审查 港口 港口 港口 危险 货物 管理 行政,交通 运输
34774,交通行政许可申请许可决定书,港龙 港务 危险 货物 港口 审查 港口 港口 港口 危险 货物 管理 行政,交通 运输
34981,关于车辆许可决定书,道路 运输 车辆,交通 运输
34770,交通行政许可申请许可决定书,新东方 国际 货柜 码头 危险 货物 港口 审查 港口 港口 港口 危险 货物 管理 行政,港口
34769,交通行政许可申请许可决定书,新东方 国际 货柜 码头 危险 货物 港口 审查 港口 港口 港口 危险 货物 管理 行政,港口
34982,关于车辆许可决定书,道路 运输 车辆,交通 运输
34771,交通行政许可申请许可决定书,集装箱 危险 货物 港口 审查 港口 港口 港口 危险 货物 管理 行政,交通 运输
35005,交通行政许可申请许可决定书,阳鸿 储运 危险 货物 港口 审查 港口 港口 港口 危险 货物 管理 行政,港口
35006,交通行政许可申请许可决定书,实业 危险 货物 港口 审查 港口 港口 港口 危险 货物 管理 行政,交通 运输
35003,交通行政许可申请许可决定书,阳鸿 储运 危险 货物 港口 审查 港口 港口 港口 危险 货物 管理 行政,港口
35004,交通行政许可申请许可决定书,集装箱 危险 货物 港口 审查 港口 港口 港口 危险 货物 管理 行政,交通 运输
34627,食品经营许可,食品 销售 经营者,市场 监督 管理
35007,交通行政许可申请许可决定书,港务 危险 货物 港口 审查 港口 港口 港口 危险 货物 管理 行政,交通 运输
35008,交通行政许可申请许可决定书,禾兴 码头 危险 货物 港口 审查 港口 港口 港口 危险 货物 管理 行政,港口
34626,建筑业企业资质证书,变更,城乡 建设
34625,建筑业企业资质证书,变更,城乡 建设
35002,交通行政许可申请许可决定书,物流 危险 货物 港口 审查 港口 港口 港口 危险 货物 管理 行政,交通 运输
34751,交通行政许可申请许可决定书,东沃 化能 危险 货物 港口 审查 港口 港口 港口 危险 货物 管理 行政,交通 运输
34750,交通行政许可申请许可决定书,新东方 国际 货柜 码头 危险 货物 港口 审查 港口 港口 港口 危险 货物 管理 行政,港口
34759,交通行政许可申请许可决定书,集装箱 危险 货物 港口 审查 港口 港口 港口 危险 货物 管理 行政,交通 运输
34758,交通行政许可申请许可决定书,新东方 国际 货柜 码头 危险 货物 港口 审查 港口 港口 港口 危险 货物 管理 行政,港口
34749,关于车辆许可决定书,道路 运输 车辆,交通 运输
35000,交通行政许可申请许可决定书,中国石化集团 金陵 石油化工 危险 货物 港口 审查 港口 港口 港口 危险 货物 管理 行政,交通 运输
35001,交通行政许可申请许可决定书,集装箱 危险 货物 港口 审查 港口 港口 港口 危险 货物 管理 行政,交通 运输
34748,关于车辆许可决定书,道路 运输 车辆,交通 运输
34999,交通行政许可申请许可决定书,永盛 化工 危险 货物 港口 审查 港口 港口 港口 危险 货物 管理 行政,交通 运输
34776,交通行政许可申请许可决定书,集装箱 危险 货物 港口 审查 港口 港口 港口 危险 货物 管理 行政,交通 运输
34797,关于车辆许可决定书,道路 运输 车辆,交通 运输
34796,关于车辆许可决定书,道路 运输 车辆,交通 运输
34812,交通行政许可申请许可决定书,码头 危险 货物 港口 审查 港口 港口 港口 危险 货物 管理 行政,交通 运输
34798,交通行政许可申请许可决定书,保税 港区 港务 危险 货物 港口 审查 港口 港口 港口 危险 货物 管理 行政,交通 运输
34818,交通行政许可申请许可决定书,新东方 集装箱 码头 危险 货物 港口 审查 港口 港口 港口 危险 货物 管理 行政,港口
34821,交通行政许可申请许可决定书,中国石化集团 金陵 石油化工 危险 货物 港口 审查 港口 港口 港口 危险 货物 管理 行政,交通 运输
34822,交通行政许可申请许可决定书,港务 危险 货物 港口 审查 港口 港口 港口 危险 货物 管理 行政,交通 运输
34819,交通行政许可申请许可决定书,保税 港区 港务 危险 货物 港口 审查 港口 港口 港口 危险 货物 管理 行政,交通 运输
34820,交通行政许可申请许可决定书,蓝遥 净水剂 危险 货物 港口 审查 港口 港口 港口 危险 货物 管理 行政,口岸
34811,交通行政许可申请许可决定书,阳鸿 危险 货物 港口 审查 港口 港口 港口 危险 货物 管理 行政,交通 运输
34803,交通行政许可申请许可决定书,港口 国际 港务 危险 货物 港口 审查 港口 港口 港口 危险 货物 管理 行政,港口
34802,交通行政许可申请许可决定书,保税 港区 港务 危险 货物 港口 审查 港口 港口 港口 危险 货物 管理 行政,交通 运输
34806,关于车辆许可决定书,道路 运输 车辆,交通 运输
34807,关于车辆许可决定书,道路 运输 车辆,交通 运输
34801,交通行政许可申请许可决定书,燃油 储运 危险 货物 港口 审查 港口 港口 港口 危险 货物 管理 行政,交通 运输
34799,交通行政许可申请许可决定书,国邦 港务 危险 货物 港口 审查 港口 港口 港口 危险 货物 管理 行政,交通 运输
34810,交通行政许可申请许可决定书,港口 国际 港务 危险 货物 港口 审查 港口 港口 港口 危险 货物 管理 行政,港口
34800,交通行政许可申请许可决定书,中国石化集团 金陵 石油化工 危险 货物 港口 审查 港口 港口 港口 危险 货物 管理 行政,交通 运输
34808,关于车辆许可决定书,道路 运输 车辆,交通 运输
34783,交通行政许可申请许可决定书,石油 天然气 股份 销售 分公司 危险 货物 港口 审查 港口 港口 港口 危险 货物 管理 行政,交通 运输
34782,交通行政许可申请许可决定书,新荣泰 码头 危险 货物 港口 审查 港口 港口 港口 危险 货物 管理 行政,港口
34785,交通行政许可申请许可决定书,雄风 科技 危险 货物 港口 审查 港口 港口 港口 危险 货物 管理 行政,交通 运输
34784,交通行政许可申请许可决定书,股份 分公司 危险 货物 港口 审查 港口 港口 港口 危险 货物 管理 行政,交通 运输
34781,交通行政许可申请许可决定书,蓝遥 净水剂 危险 货物 港口 审查 港口 港口 港口 危险 货物 管理 行政,口岸
34778,交通行政许可申请许可决定书,新东方 国际 货柜 码头 危险 货物 港口 审查 港口 港口 港口 危险 货物 管理 行政,港口
34777,交通行政许可申请许可决定书,销售 股份 石油 分公司 危险 货物 港口 审查 港口 港口 港口 危险 货物 管理 行政,交通 运输
34780,交通行政许可申请许可决定书,新东方 国际 货柜 码头 危险 货物 港口 审查 港口 港口 港口 危险 货物 管理 行政,港口
34779,交通行政许可申请许可决定书,危险 货物 港口 审查 港口 港口 港口 危险 货物 管理 行政,交通 运输
34789,关于车辆许可决定书,道路 运输 车辆,交通 运输
34793,关于车辆许可决定书,道路 运输 车辆,交通 运输
34823,交通行政许可申请许可决定书,石油化工 危险 货物 港口 审查 港口 港口 港口 危险 货物 管理 行政,交通 运输
34795,关于车辆许可决定书,道路 运输 车辆,交通 运输
34794,关于车辆许可决定书,道路 运输 车辆,交通 运输
34824,交通行政许可申请许可决定书,国望 高科 纤维 危险 货物 港口 审查 港口 港口 港口 危险 货物 管理 行政,交通 运输
34791,关于车辆许可决定书,道路 运输 车辆,交通 运输
34790,关于车辆许可决定书,道路 运输 车辆,交通 运输
34792,关于车辆许可决定书,道路 运输 车辆,交通 运输
34961,准予许可决定书,命名 吴润 商务中心,行政 审批
33903,建筑业企业资质证书,变更,城乡 建设
33899,建筑业企业资质证书,变更,城乡 建设
33909,食品经营许可,食品 销售 经营者,市场 监督 管理
35202,关于车辆许可决定书,更新,交通 运输
33897,建筑业企业资质证书,变更,城乡 建设
33883,建筑业企业资质证书,变更,城乡 建设
33882,建筑业企业资质证书,变更,城乡 建设
33895,建筑业企业资质证书,变更,城乡 建设
33888,建筑业企业资质证书,变更,城乡 建设
35068,建设项目选址意见书,怡园 经济 适用房 项目 用地 预审 选址,自然资源 规划
34206,建筑业企业资质证书,变更,城乡 建设
34109,建筑业企业资质证书,变更,城乡 建设
34211,建筑业企业资质证书,变更,城乡 建设
34209,建筑业企业资质证书,变更,城乡 建设
34108,建筑业企业资质证书,变更,城乡 建设
35063,交通行政许可申请许可决定书,永盛 化工 危险 货物 港口 审查 港口 港口 港口 危险 货物 管理 行政,交通 运输
35065,准予行政许可决定书,电影,新闻 出版
34003,南京城市绿化条例,城市绿化 本局 地点 天保 双闸路 龙王 面积 绿化,城市 管理
33989,药品经营许可证申请准予通知书,处方药 化学 药制剂 抗生素 制剂 生化 药品 中药饮片 精制 单味 中药饮片 中成药 冷藏 药品,行政 审批
33588,关于准予江苏桐昆恒阳化纤有限公司智能化产业项目取水的行政许可决定,桐昆恒阳 化纤 智能化 产业 项目,水利
35243,交通行政许可申请许可决定书,石油化工 危险 货物 港口 审查 港口 港口 港口 危险 货物 管理 行政,港口
33590,关于准予宿迁桐昆旭阳热电有限公司热电联产项目取水的行政许可决定,桐昆旭阳 热电 热电 项目,水利
33589,关于准予宿迁桐昆宏阳印染有限公司7亿米布料生产线项目取水的行政许可决定,印染 布料 生产线 项目,水利
35244,交通行政许可申请许可决定书,新东方 国际 货柜 码头 危险 货物 港口 审查 港口 港口 港口 危险 货物 管理 行政,港口
35251,交通行政许可申请许可决定书,集装箱 危险 货物 港口 审查 港口 港口 港口 危险 货物 管理 行政,交通 运输
35252,交通行政许可申请许可决定书,新东方 国际 货柜 码头 危险 货物 港口 审查 港口 港口 港口 危险 货物 管理 行政,港口
35249,交通行政许可申请许可决定书,新东方 国际 货柜 码头 危险 货物 港口 审查 港口 港口 港口 危险 货物 管理 行政,港口
35250,交通行政许可申请许可决定书,龙发 化工 危险 货物 港口 审查 港口 港口 港口 危险 货物 管理 行政,交通 运输
33675,中华人民共和国机电进口许可证,进口 机电 产品,商务
33876,建筑业企业资质证书,变更,城乡 建设
35216,药品补充申请备案件,药品 管理 办法 复方 利血平 原料药 产地 备案 硫酸 双肼 屈嗪 原料药 供应商 药业 集团股份 基础 武新 制药 氢氯 噻嗪 原料药 供应商 制药厂 基础 制药,药品 监督 管理
33879,建筑业企业资质证书,变更,城乡 建设
33878,建筑业企业资质证书,变更,城乡 建设
35218,关于业户许可决定书,道路 业户 经营,交通 运输
33689,建筑业企业资质证书,变更,城乡 建设
33676,建筑业企业资质证书,变更,城乡 建设
35219,关于车辆许可决定书,道路 运输 车辆,交通 运输
33696,建筑业企业资质证书,变更,城乡 建设
34214,建筑业企业资质证书,变更,城乡 建设
35020,交通行政许可申请许可决定书,石油化工 危险 货物 港口 审查 港口 港口 港口 危险 货物 管理 行政,港口
35021,交通行政许可申请许可决定书,恒阳 化工 储运 危险 货物 港口 审查 港口 港口 港口 危险 货物 管理 行政,口岸
35018,交通行政许可申请许可决定书,物流 危险 货物 港口 审查 港口 港口 港口 危险 货物 管理 行政,交通 运输
35019,交通行政许可申请许可决定书,石油化工 危险 货物 港口 审查 港口 港口 港口 危险 货物 管理 行政,港口
35025,关于车辆许可决定书,更新,交通 运输
35029,交通行政许可申请许可决定书,华泰 物流 危险 货物 港口 审查 港口 港口 港口 危险 货物 管理 行政,交通 运输
35030,交通行政许可申请许可决定书,化工 危险 货物 港口 审查 港口 港口 港口 危险 货物 管理 行政,交通 运输
35026,关于车辆许可决定书,道路 运输 车辆,交通 运输
35028,关于车辆许可决定书,道路 运输 车辆,交通 运输
34427,建筑业企业资质证书,变更,城乡 建设
35011,交通行政许可申请许可决定书,集装箱 危险 货物 港口 审查 港口 港口 港口 危险 货物 管理 行政,交通 运输
35012,交通行政许可申请许可决定书,货箱 码头 危险 货物 港口 审查 港口 港口 港口 危险 货物 管理 行政,交通 运输
35009,交通行政许可申请许可决定书,石油 天然气 股份 销售 分公司 危险 货物 港口 审查 港口 港口 港口 危险 货物 管理 行政,交通 运输
35010,交通行政许可申请许可决定书,中国石化集团 金陵 石油化工 危险 货物 港口 审查 港口 港口 港口 危险 货物 管理 行政,交通 运输
35013,交通行政许可申请许可决定书,新东方 国际 货柜 码头 危险 货物 港口 审查 港口 港口 港口 危险 货物 管理 行政,港口
35016,交通行政许可申请许可决定书,石油化工 危险 货物 港口 审查 港口 港口 港口 危险 货物 管理 行政,交通 运输
35017,交通行政许可申请许可决定书,港务 集团 危险 货物 港口 审查 港口 港口 港口 危险 货物 管理 行政,交通 运输
35014,交通行政许可申请许可决定书,保税区 国际 港务 危险 货物 港口 审查 港口 港口 港口 危险 货物 管理 行政,交通 运输
35015,交通行政许可申请许可决定书,中国石化集团 金陵 石油化工 危险 货物 港口 审查 港口 港口 港口 危险 货物 管理 行政,交通 运输
35049,关于车辆许可决定书,道路 运输 车辆,交通 运输
35050,关于业户许可决定书,道路 业户 经营,交通 运输
35047,关于车辆许可决定书,道路 运输 车辆,交通 运输
35048,关于车辆许可决定书,道路 运输 车辆,交通 运输
35051,关于业户许可决定书,道路 业户 经营,交通 运输
35054,关于业户许可决定书,道路 业户 经营,交通 运输
34216,建设工程消防设计审查意见书,消防 设计 审查,城乡 建设
35052,关于车辆许可决定书,道路 运输 车辆,交通 运输
35053,关于车辆许可决定书,道路 运输 车辆,交通 运输
35046,关于车辆许可决定书,道路 运输 车辆,交通 运输
35033,交通行政许可申请许可决定书,新东方 国际 货柜 码头 危险 货物 港口 审查 港口 港口 港口 危险 货物 管理 行政,港口
35034,交通行政许可申请许可决定书,码头 危险 货物 港口 审查 港口 港口 港口 危险 货物 管理 行政,交通 运输
35031,交通行政许可申请许可决定书,新东方 国际 货柜 码头 危险 货物 港口 审查 港口 港口 港口 危险 货物 管理 行政,港口
35032,交通行政许可申请许可决定书,新东方 国际 货柜 码头 危险 货物 港口 审查 港口 港口 港口 危险 货物 管理 行政,港口
35035,交通行政许可申请许可决定书,股份 分公司 危险 货物 港口 审查 港口 港口 港口 危险 货物 管理 行政,交通 运输
34317,准予药品经营许可证变更行政许可决定书,质量 负责人 变更 程瑜,行政 审批
35045,关于车辆许可决定书,道路 运输 车辆,交通 运输
35036,交通行政许可申请许可决定书,阳鸿 危险 货物 港口 审查 港口 港口 港口 危险 货物 管理 行政,交通 运输
35037,交通行政许可申请许可决定书,中国石化集团 金陵 石油化工 危险 货物 港口 审查 港口 港口 港口 危险 货物 管理 行政,交通 运输
35452,关于车辆许可决定书,道路 运输 车辆,交通 运输
37121,关于车辆许可决定书,道路 运输 车辆,交通 运输
37122,关于车辆许可决定书,道路 运输 车辆,交通 运输
37123,关于车辆许可决定书,道路 运输 车辆,交通 运输
36969,交通行政许可申请许可决定书,物流 危险 货物 港口 审查 港口 港口 港口 危险 货物 管理 行政,交通 运输
36970,交通行政许可申请许可决定书,化工 危险 货物 港口 审查 港口 港口 港口 危险 货物 管理 行政,交通 运输
36971,交通行政许可申请许可决定书,梅兰 化工 危险 货物 港口 审查 港口 港口 港口 危险 货物 管理 行政,交通 运输
37125,交通行政许可申请许可决定书,石油 危险 货物 港口 审查 港口 港口 港口 危险 货物 管理 行政,港口
37130,关于车辆许可决定书,道路 运输 车辆,交通 运输
37131,关于车辆许可决定书,道路 运输 车辆,交通 运输
37132,关于车辆许可决定书,道路 运输 车辆,交通 运输
37126,交通行政许可申请许可决定书,港龙 港务 危险 货物 港口 审查 港口 港口 港口 危险 货物 管理 行政,交通 运输
37128,关于车辆许可决定书,道路 运输 车辆,交通 运输
37129,关于车辆许可决定书,道路 运输 车辆,交通 运输
36968,交通行政许可申请许可决定书,中国石化集团 金陵 石油化工 危险 货物 港口 审查 港口 港口 港口 危险 货物 管理 行政,交通 运输
36958,关于车辆许可决定书,道路 运输 车辆,交通 运输
36959,关于车辆许可决定书,道路 运输 车辆,交通 运输
36960,关于车辆许可决定书,道路 运输 车辆,交通 运输
36955,关于车辆许可决定书,道路 运输 车辆,交通 运输
36956,关于车辆许可决定书,道路 运输 车辆,交通 运输
36957,关于车辆许可决定书,道路 运输 车辆,交通 运输
36961,关于车辆许可决定书,道路 运输 车辆,交通 运输
36965,关于车辆许可决定书,道路 运输 车辆,交通 运输
36966,交通行政许可申请许可决定书,新东方 国际 货柜 码头 危险 货物 港口 审查 港口 港口 港口 危险 货物 管理 行政,港口
36967,交通行政许可申请许可决定书,保税 港区 港务 危险 货物 港口 审查 港口 港口 港口 危险 货物 管理 行政,交通 运输
36962,关于车辆许可决定书,道路 运输 车辆,交通 运输
36963,关于车辆许可决定书,客运,交通 运输
36964,关于车辆许可决定书,道路 运输 车辆,交通 运输
37158,关于车辆许可决定书,道路 运输 车辆,交通 运输
37159,关于车辆许可决定书,道路 运输 车辆,交通 运输
37160,关于车辆许可决定书,道路 运输 车辆,交通 运输
37148,关于车辆许可决定书,道路 运输 车辆,交通 运输
37156,关于业户许可决定书,道路 业户 经营,交通 运输
37157,关于车辆许可决定书,道路 运输 车辆,行政 审批
37161,关于扬州市佳源桂府幼儿园建设工程抗震设防要求的批复,佳源桂府 幼儿园 建设 工程 抗震,城乡 建设
37173,交通行政许可申请许可决定书,阳鸿 储运 危险 货物 港口 审查 港口 港口 港口 危险 货物 管理 行政,港口
37174,交通行政许可申请许可决定书,港龙 港务 危险 货物 港口 审查 港口 港口 港口 危险 货物 管理 行政,交通 运输
37175,交通行政许可申请许可决定书,保税区 国际 港务 危险 货物 港口 审查 港口 港口 港口 危险 货物 管理 行政,交通 运输
37170,关于车辆许可决定书,道路 运输 车辆,交通 运输
37171,交通行政许可申请许可决定书,新荣泰 码头 危险 货物 港口 审查 港口 港口 港口 危险 货物 管理 行政,港口
37172,交通行政许可申请许可决定书,港龙 港务 危险 货物 港口 审查 港口 港口 港口 危险 货物 管理 行政,交通 运输
37147,关于车辆许可决定书,道路 运输 车辆,交通 运输
37136,关于车辆许可决定书,道路 运输 车辆,交通 运输
37137,关于车辆许可决定书,道路 运输 车辆,交通 运输
37139,关于车辆许可决定书,道路 运输 车辆,交通 运输
37133,关于车辆许可决定书,道路 运输 车辆,交通 运输
37134,关于车辆许可决定书,道路 运输 车辆,交通 运输
37135,关于车辆许可决定书,道路 运输 车辆,交通 运输
37140,关于车辆许可决定书,道路 运输 车辆,交通 运输
37144,关于车辆许可决定书,道路 运输 车辆,交通 运输
37145,关于车辆许可决定书,道路 运输 车辆,交通 运输
37146,关于车辆许可决定书,道路 运输 车辆,交通 运输
37141,关于车辆许可决定书,道路 运输 车辆,交通 运输
37142,关于车辆许可决定书,道路 运输 车辆,交通 运输
37143,关于车辆许可决定书,道路 运输 车辆,交通 运输
36954,关于业户许可决定书,道路 业户 经营,交通 运输
36704,交通行政许可申请许可决定书,阳鸿 储运 危险 货物 港口 审查 港口 港口 港口 危险 货物 管理 行政,港口
36705,交通行政许可申请许可决定书,港龙 港务 危险 货物 港口 审查 港口 港口 港口 危险 货物 管理 行政,交通 运输
36706,交通行政许可申请许可决定书,中国石化集团 金陵 石油化工 危险 货物 港口 审查 港口 港口 港口 危险 货物 管理 行政,交通 运输
36685,交通行政许可申请许可决定书,货箱 码头 危险 货物 港口 审查 港口 港口 港口 危险 货物 管理 行政,交通 运输
36686,交通行政许可申请许可决定书,盛虹 纤维 危险 货物 港口 审查 港口 港口 港口 危险 货物 管理 行政,交通 运输
36703,交通行政许可申请许可决定书,股份 分公司 危险 货物 港口 审查 港口 港口 港口 危险 货物 管理 行政,交通 运输
36858,准予行政许可决定书,集中式 供水,卫生 健康 委员会
36868,关于车辆许可决定书,道路 运输 车辆,交通 运输
36869,关于车辆许可决定书,道路 运输 车辆,交通 运输
36874,关于车辆许可决定书,道路 运输 车辆,交通 运输
36859,准予行政许可决定书,X射线 影像,卫生 健康 委员会
36866,关于车辆许可决定书,道路 运输 车辆,交通 运输
36867,关于车辆许可决定书,道路 运输 车辆,交通 运输
36684,交通行政许可申请许可决定书,中国石化集团 化学工业 危险 货物 港口 审查 港口 港口 港口 危险 货物 管理 行政,交通 运输
36666,关于车辆许可决定书,道路 运输 车辆,交通 运输
36667,关于车辆许可决定书,道路 运输 车辆,交通 运输
36668,关于车辆许可决定书,道路 运输 车辆,交通 运输
36660,关于车辆许可决定书,道路 运输 车辆,交通 运输
36664,关于车辆许可决定书,道路 运输 车辆,交通 运输
36665,关于车辆许可决定书,道路 运输 车辆,交通 运输
36669,关于车辆许可决定书,客运,交通 运输
36681,关于车辆许可决定书,道路 运输 车辆,交通 运输
36682,关于车辆许可决定书,道路 运输 车辆,交通 运输
36683,交通行政许可申请许可决定书,炼油厂 危险 货物 港口 审查 港口 港口 港口 危险 货物 管理 行政,交通 运输
36676,关于徐州徐牛养殖科技发展有限公司奶牛养殖项目环境影响报告书的审批意见,徐牛 养殖 科技 发展 奶牛 养殖 项目,环境
36679,关于车辆许可决定书,道路 运输 车辆,交通 运输
36680,关于车辆许可决定书,道路 运输 车辆,交通 运输
36908,交通行政许可申请许可决定书,利士 化工 危险 货物 港口 审查 港口 港口 港口 危险 货物 管理 行政,口岸
36909,交通行政许可申请许可决定书,石油 危险 货物 港口 审查 港口 港口 港口 危险 货物 管理 行政,港口
36910,交通行政许可申请许可决定书,集装箱 危险 货物 港口 审查 港口 港口 港口 危险 货物 管理 行政,交通 运输
36898,关于车辆许可决定书,道路 运输 车辆,交通 运输
36906,交通行政许可申请许可决定书,宏川 危险 货物 港口 审查 港口 港口 港口 危险 货物 管理 行政,交通 运输
36907,交通行政许可申请许可决定书,燃油 储运 危险 货物 港口 审查 港口 港口 港口 危险 货物 管理 行政,交通 运输
36911,交通行政许可申请许可决定书,中国石化集团 金陵 石油化工 危险 货物 港口 审查 港口 港口 港口 危险 货物 管理 行政,交通 运输
36939,准予许可决定书,药品 零售 变更,行政 审批
36942,准予许可决定书,命名 百艺,行政 审批
36946,准予行政许可决定书,高速公路 服务区 行政 公共场所 卫生 审查 法定条件 标准 行政 行政 准予 行政,人民政府
36912,交通行政许可申请许可决定书,港龙 港务 危险 货物 港口 审查 港口 港口 港口 危险 货物 管理 行政,交通 运输
36913,交通行政许可申请许可决定书,石油化工 危险 货物 港口 审查 港口 港口 港口 危险 货物 管理 行政,港口
36928,交通行政许可申请许可决定书,扬子 物流 危险 货物 港口 审查 港口 港口 港口 危险 货物 管理 行政,交通 运输
36897,交通行政许可申请许可决定书,危险 货物 港口 审查 港口 港口 港口 危险 货物 管理 行政,交通 运输
36878,关于车辆许可决定书,道路 运输 车辆,交通 运输
36887,新建车间（办公楼）及生产附属用房工程,车间 办公楼 生产 用房 工程,行政 审批
36889,关于车辆许可决定书,道路 运输 车辆,交通 运输
36875,关于车辆许可决定书,道路 运输 车辆,交通 运输
36876,关于车辆许可决定书,道路 运输 车辆,交通 运输
36877,关于车辆许可决定书,道路 运输 车辆,交通 运输
36890,关于车辆许可决定书,道路 运输 车辆,交通 运输
36894,交通行政许可申请许可决定书,梅兰 化工 危险 货物 港口 审查 港口 港口 港口 危险 货物 管理 行政,交通 运输
36895,交通行政许可申请许可决定书,中国石化集团 金陵 石油化工 危险 货物 港口 审查 港口 港口 港口 危险 货物 管理 行政,交通 运输
36896,交通行政许可申请许可决定书,新荣泰 码头 危险 货物 港口 审查 港口 港口 港口 危险 货物 管理 行政,港口
36891,交通行政许可申请许可决定书,三木 物流 危险 货物 港口 审查 港口 港口 港口 危险 货物 管理 行政,港口
36892,交通行政许可申请许可决定书,盛虹 纤维 危险 货物 港口 审查 港口 港口 港口 危险 货物 管理 行政,交通 运输
36893,交通行政许可申请许可决定书,梅兰 化工 危险 货物 港口 审查 港口 港口 港口 危险 货物 管理 行政,交通 运输
37176,交通行政许可申请许可决定书,扬子 巴斯夫 危险 货物 港口 审查 港口 港口 港口 危险 货物 管理 行政,交通 运输
37905,苏州市吴中区行政审批局准予行政许可决定书,道路 货物 运输,行政 审批
37906,准予行政许可决定书,危险 化学品 乙醇 甲醇 储存,应急 管理
37907,准予行政许可决定书,易制毒 化学品 甲苯 硫酸 盐酸 储存 危险 化学品 甲醇 连二 亚硫酸钠 次氯酸钠 溶液 有效氯 氢氧化钠 氢氧化钠 溶液 含量 氯化铁 亚硫酸氢钠 氯酸钠 氨基 磺酸 乙醇 乙酸 含量 乙酸乙酯 酚醛树脂 二氯甲烷 二氯乙烷 苯酚 硫酸铵 硫酸钾 硫酸钠 品种 储存,应急 管理
37900,准予许可决定书,药品 零售 变更,行政 审批
37902,交通行政许可决定书,阳光 舞者 船舶 国籍 证书,交通 运输
37904,准予行政许可决定书,劳务 派遣,行政 审批
37909,建设工程施工许可证核发,装修 装修 面积,经济 技术开发区 管委会
37914,交通行政许可申请许可决定书,恒基 达鑫 国际 化工 危险 货物 港口 审查 港口 港口 港口 危险 货物 管理 行政,交通 运输
37915,交通行政许可申请许可决定书,新东方 国际 货柜 码头 危险 货物 港口 审查 港口 港口 港口 危险 货物 管理 行政,港口
37916,交通行政许可申请许可决定书,扬子 物流 危险 货物 港口 审查 港口 港口 港口 危险 货物 管理 行政,交通 运输
37910,建设工程施工许可证核发,装修 装修 面积,经济 技术开发区 管委会
37911,行政许可决定书,准予 疫情 综合 工时 工作制,人力资源 社会保障
37913,交通行政许可申请许可决定书,新东方 集装箱 码头 危险 货物 港口 审查 港口 港口 港口 危险 货物 管理 行政,港口
37899,准予许可决定书,命名 金栖里,行政 审批
37742,交通行政许可申请许可决定书,石油化工 危险 货物 港口 审查 港口 港口 港口 危险 货物 管理 行政,交通 运输
37743,交通行政许可申请许可决定书,化工 危险 货物 港口 审查 港口 港口 港口 危险 货物 管理 行政,交通 运输
37744,交通行政许可申请许可决定书,集装箱 危险 货物 港口 审查 港口 港口 港口 危险 货物 管理 行政,交通 运输
37577,交通行政许可申请许可决定书,新荣泰 码头 危险 货物 港口 审查 港口 港口 港口 危险 货物 管理 行政,港口
37578,交通行政许可申请许可决定书,新东方 集装箱 码头 危险 货物 港口 审查 港口 港口 港口 危险 货物 管理 行政,港口
37741,关于业户许可决定书,道路 业户 经营,交通 运输
37745,交通行政许可申请许可决定书,新东方 国际 货柜 码头 危险 货物 港口 审查 港口 港口 港口 危险 货物 管理 行政,港口
37749,交通行政许可申请许可决定书,星鑫 贸易 危险 货物 港口 审查 港口 港口 港口 危险 货物 管理 行政,交通 运输
37760,准予行政许可决定书,社会 团体 慈善 变更 登记 法定代表 变更,民政
37802,准予行政许可决定书,消毒 器械 消毒 器械 消毒 因子 生产,卫生 健康 委员会
37746,交通行政许可申请许可决定书,危险 货物 港口 审查 港口 港口 港口 危险 货物 管理 行政,交通 运输
37747,交通行政许可申请许可决定书,集装箱 危险 货物 港口 审查 港口 港口 港口 危险 货物 管理 行政,交通 运输
37748,交通行政许可申请许可决定书,集装箱 危险 货物 港口 审查 港口 港口 港口 危险 货物 管理 行政,交通 运输
38099,关于车辆许可决定书,道路 运输 车辆,交通 运输
38100,交通行政许可申请许可决定书,新东方 国际 货柜 码头 危险 货物 港口 审查 港口 港口 港口 危险 货物 管理 行政,港口
38116,交通行政许可申请许可决定书,富源 化工 危险 货物 港口 审查 港口 港口 港口 危险 货物 管理 行政,交通 运输
38096,关于车辆许可决定书,道路 运输 车辆,交通 运输
38097,关于车辆许可决定书,道路 运输 车辆,交通 运输
38098,关于车辆许可决定书,道路 运输 车辆,交通 运输
38117,交通行政许可申请许可决定书,物流 危险 货物 港口 审查 港口 港口 港口 危险 货物 管理 行政,交通 运输
38121,交通行政许可申请许可决定书,石油 危险 货物 港口 审查 港口 港口 港口 危险 货物 管理 行政,港口
38122,交通行政许可申请许可决定书,化工 码头 危险 货物 港口 审查 港口 港口 港口 危险 货物 管理 行政,口岸
38123,交通行政许可申请许可决定书,石油 危险 货物 港口 审查 港口 港口 港口 危险 货物 管理 行政,港口
38118,交通行政许可申请许可决定书,集装箱 危险 货物 港口 审查 港口 港口 港口 危险 货物 管理 行政,交通 运输
38119,交通行政许可申请许可决定书,股份 分公司 危险 货物 港口 审查 港口 港口 港口 危险 货物 管理 行政,交通 运输
38120,交通行政许可申请许可决定书,中国石化集团 化学工业 危险 货物 港口 审查 港口 港口 港口 危险 货物 管理 行政,交通 运输
38095,关于车辆许可决定书,道路 运输 车辆,交通 运输
38081,关于同意苏州市科幻针纺织品有限公司办理埃塞俄比亚子公司变更业务的备案,科幻 针纺织品 办理 子公司 变更 业务 备案,商务
38086,危险化学品经营许可,化学品 过氧化氢 溶液 含量 氯酸钠 高锰酸钾 储存 易制毒 化学品 盐酸 硫酸 甲苯 储存 危险 化学品 氢氧化钠 溶液 含量 氢氧化钠 次氯酸钠 溶液 有效氯 磺酸 甲醛 溶液 品种 储存,应急 管理
38087,准予行政许可决定书,消毒 器械 消毒 器械 消毒 因子,卫生 健康 委员会
37917,交通行政许可申请许可决定书,集装箱 危险 货物 港口 审查 港口 港口 港口 危险 货物 管理 行政,交通 运输
37918,交通行政许可申请许可决定书,石油化工 危险 货物 港口 审查 港口 港口 港口 危险 货物 管理 行政,港口
38080,行政许可决定书,准予 劳务 派遣 业务,人力资源 社会保障
38088,关于苏州新浒投资发展有限公司 苏州高新区迪卡侬周边道路工程 项目建议书的批复...,政府 投资 项目 建议书,行政 审批
38092,关于车辆许可决定书,道路 运输 车辆,行政 审批
38093,关于车辆许可决定书,道路 运输 车辆,交通 运输
38094,关于车辆许可决定书,道路 运输 车辆,交通 运输
38089,建筑工程施工许可证的发放,建筑 工程施工 许可证,行政 审批
38090,关于业户许可决定书,道路 业户 经营,交通 运输
38091,关于业户许可决定书,道路 业户 经营,交通 运输
37576,交通行政许可申请许可决定书,国望 高科 纤维 危险 货物 港口 审查 港口 港口 港口 危险 货物 管理 行政,交通 运输
37350,关于车辆许可决定书,道路 运输 车辆,交通 运输
37351,关于车辆许可决定书,道路 运输 车辆,交通 运输
37352,关于车辆许可决定书,网约车,交通 运输
37347,交通行政许可申请许可决定书,戴梦特 化工 科技股份 危险 货物 港口 审查 港口 港口 港口 危险 货物 管理 行政,交通 运输
37348,关于车辆许可决定书,道路 运输 车辆,交通 运输
37349,关于车辆许可决定书,道路 运输 车辆,交通 运输
37353,交通行政许可申请许可决定书,石油化工 危险 货物 港口 审查 港口 港口 港口 危险 货物 管理 行政,交通 运输
37357,交通行政许可申请许可决定书,戴梦特 化工 科技股份 危险 货物 港口 审查 港口 港口 港口 危险 货物 管理 行政,交通 运输
37358,交通行政许可申请许可决定书,石油 危险 货物 港口 审查 港口 港口 港口 危险 货物 管理 行政,交通 运输
37359,交通行政许可申请许可决定书,新东方 国际 货柜 码头 危险 货物 港口 审查 港口 港口 港口 危险 货物 管理 行政,港口
37354,交通行政许可申请许可决定书,中国石化集团 金陵 石油化工 危险 货物 港口 审查 港口 港口 港口 危险 货物 管理 行政,交通 运输
37355,交通行政许可申请许可决定书,石油化工 危险 货物 港口 审查 港口 港口 港口 危险 货物 管理 行政,港口
37356,交通行政许可申请许可决定书,阳鸿 危险 货物 港口 审查 港口 港口 港口 危险 货物 管理 行政,交通 运输
37346,交通行政许可申请许可决定书,保税 港区 港务 危险 货物 港口 审查 港口 港口 港口 危险 货物 管理 行政,交通 运输
37187,交通行政许可申请许可决定书,石油 危险 货物 港口 审查 港口 港口 港口 危险 货物 管理 行政,港口
37188,交通行政许可申请许可决定书,石油 燃料 沥青 危险 货物 港口 审查 港口 港口 港口 危险 货物 管理 行政,口岸
37189,交通行政许可申请许可决定书,危险 货物 港口 审查 港口 港口 港口 危险 货物 管理 行政,交通 运输
37177,交通行政许可申请许可决定书,集装箱 危险 货物 港口 审查 港口 港口 港口 危险 货物 管理 行政,交通 运输
37184,准予许可决定书,轴承 直径 轴承 项目,行政 审批
37185,市交通运输局关于长三角一体化宜兴连接线—S262武进段（南环线—宜兴界）工程鑫和泰大,航道 条件 影响 评价,交通 运输
37339,关于车辆许可决定书,道路 运输 车辆,交通 运输
37343,关于车辆许可决定书,道路 运输 车辆,交通 运输
37344,交通行政许可申请许可决定书,新东方 国际 货柜 码头 危险 货物 港口 审查 港口 港口 港口 危险 货物 管理 行政,港口
37345,交通行政许可申请许可决定书,集装箱 危险 货物 港口 审查 港口 港口 港口 危险 货物 管理 行政,交通 运输
37340,关于车辆许可决定书,道路 运输 车辆,交通 运输
37341,关于车辆许可决定书,道路 运输 车辆,交通 运输
37342,关于车辆许可决定书,道路 运输 车辆,交通 运输
37562,交通行政许可申请许可决定书,峰人 危险 货物 港口 审查 港口 港口 港口 危险 货物 管理 行政,交通 运输
37563,交通行政许可申请许可决定书,新荣泰 码头 危险 货物 港口 审查 港口 港口 港口 危险 货物 管理 行政,港口
37564,交通行政许可申请许可决定书,恒基 达鑫 国际 化工 危险 货物 港口 审查 港口 港口 港口 危险 货物 管理 行政,交通 运输
37394,苏州市姑苏区应急管理局《危险化学品经营许可证》准予颁发决定书,危险 化学品 经营,应急 管理
37560,交通行政许可申请许可决定书,集装箱 危险 货物 港口 审查 港口 港口 港口 危险 货物 管理 行政,交通 运输
37561,交通行政许可申请许可决定书,国邦 港务 危险 货物 港口 审查 港口 港口 港口 危险 货物 管理 行政,交通 运输
37565,关于车辆许可决定书,购置,交通 运输
37573,交通行政许可申请许可决定书,新东方 国际 货柜 码头 危险 货物 港口 审查 港口 港口 港口 危险 货物 管理 行政,港口
37574,交通行政许可申请许可决定书,新东方 国际 货柜 码头 危险 货物 港口 审查 港口 港口 港口 危险 货物 管理 行政,港口
37575,交通行政许可申请许可决定书,新东方 国际 货柜 码头 危险 货物 港口 审查 港口 港口 港口 危险 货物 管理 行政,港口
37566,关于车辆许可决定书,购置,交通 运输
37571,交通行政许可申请许可决定书,石油 危险 货物 港口 审查 港口 港口 港口 危险 货物 管理 行政,港口
37572,交通行政许可申请许可决定书,新东方 国际 货柜 码头 危险 货物 港口 审查 港口 港口 港口 危险 货物 管理 行政,港口
37393,苏州市姑苏区应急管理局《危险化学品经营许可证》准予颁发决定书,危险 化学品 经营,应急 管理
37363,关于车辆许可决定书,购置,交通 运输
37364,关于车辆许可决定书,购置,交通 运输
37365,关于车辆许可决定书,购置,交通 运输
37360,交通行政许可申请许可决定书,新东方 国际 货柜 码头 危险 货物 港口 审查 港口 港口 港口 危险 货物 管理 行政,港口
37361,交通行政许可申请许可决定书,新东方 集装箱 码头 危险 货物 港口 审查 港口 港口 港口 危险 货物 管理 行政,港口
37362,关于车辆许可决定书,更新,交通 运输
37369,关于对扬州禾谷牧业有限公司“生猪规模养殖项目”环境影响报告书的批复,生猪 规模 养殖 项目,环境
37374,建设用地规划许可证,淮展 置业 小韩 幼儿园 项目,自然资源 规划
37387,关于对龙诚车业（张家港）有限公司年产45万件自行车配件新建项目环境影响报告表的审批意见,龙诚 车业 自行车 配件 项目 环境影响 报告 意见,行政 审批
37388,城市道路照明设施迁移、拆除许可证,大儒 城市道路 设施,城市 管理
37370,建设项目环境影响报告表的批复,汽车 高端 水性 生产线 智能化 建设 项目,环境
37371,准予行政许可决定书,变更,市场 监督 管理
37372,准予行政许可决定书,有效期,市场 监督 管理
36659,关于车辆许可决定书,道路 运输 车辆,交通 运输
35773,关于车辆许可决定书,道路 运输 车辆,交通 运输
35774,关于车辆许可决定书,道路 运输 车辆,交通 运输
35775,关于业户许可决定书,道路 业户 经营,交通 运输
35760,建筑工程施工许可,剧院 建设 工程 室内装饰 工程 施工,城乡 建设
35763,建筑工程施工许可,液压 动力机械 元件 项目 厂房 厂房 泵房 水池 桩基 钢结构 工程 施工,城乡 建设
35772,关于车辆许可决定书,道路 运输 车辆,交通 运输
35776,关于车辆许可决定书,道路 运输 车辆,交通 运输
35938,交通行政许可申请许可决定书,港务 集团 危险 货物 港口 审查 港口 港口 港口 危险 货物 管理 行政,交通 运输
35939,交通行政许可申请许可决定书,新东方 国际 货柜 码头 危险 货物 港口 审查 港口 港口 港口 危险 货物 管理 行政,港口
35940,交通行政许可申请许可决定书,港口 股份 港务 分公司 危险 货物 港口 审查 港口 港口 港口 危险 货物 管理 行政,港口
35933,关于车辆许可决定书,道路 运输 车辆,交通 运输
35935,关于车辆许可决定书,道路 运输 车辆,交通 运输
35937,关于车辆许可决定书,道路 运输 车辆,交通 运输
35759,准予行政许可书面决定,旅行社,旅游
35737,交通行政许可申请许可决定书,石油化工 危险 货物 港口 审查 港口 港口 港口 危险 货物 管理 行政,港口
35738,交通行政许可申请许可决定书,新东方 集装箱 码头 危险 货物 港口 审查 港口 港口 港口 危险 货物 管理 行政,港口
35739,交通行政许可申请许可决定书,梅兰 化工 危险 货物 港口 审查 港口 港口 港口 危险 货物 管理 行政,交通 运输
35734,交通行政许可申请许可决定书,梅兰 化工 危险 货物 港口 审查 港口 港口 港口 危险 货物 管理 行政,交通 运输
35735,交通行政许可申请许可决定书,新东方 国际 货柜 码头 危险 货物 港口 审查 港口 港口 港口 危险 货物 管理 行政,港口
35736,交通行政许可申请许可决定书,梅兰 化工 危险 货物 港口 审查 港口 港口 港口 危险 货物 管理 行政,交通 运输
35740,交通行政许可申请许可决定书,股份 分公司 危险 货物 港口 审查 港口 港口 港口 危险 货物 管理 行政,交通 运输
35747,关于车辆许可决定书,道路 运输 车辆,交通 运输
35755,关于车辆许可决定书,道路 运输 车辆,交通 运输
35758,扬州迎宾馆经营管理有限公司特殊工时许可,工时,人力资源 社会保障
35744,关于车辆许可决定书,道路 运输 车辆,交通 运输
35745,关于车辆许可决定书,道路 运输 车辆,交通 运输
35746,关于车辆许可决定书,道路 运输 车辆,交通 运输
35970,交通行政许可申请许可决定书,新东方 国际 货柜 码头 危险 货物 港口 审查 港口 港口 港口 危险 货物 管理 行政,港口
35971,关于车辆许可决定书,道路 运输 车辆,交通 运输
35972,关于车辆许可决定书,道路 运输 车辆,交通 运输
35967,交通行政许可申请许可决定书,中国石化集团 金陵 石油化工 危险 货物 港口 审查 港口 港口 港口 危险 货物 管理 行政,交通 运输
35968,交通行政许可申请许可决定书,阳鸿 危险 货物 港口 审查 港口 港口 港口 危险 货物 管理 行政,交通 运输
35969,交通行政许可申请许可决定书,燃油 储运 危险 货物 港口 审查 港口 港口 港口 危险 货物 管理 行政,交通 运输
35973,关于车辆许可决定书,道路 运输 车辆,交通 运输
35977,交通行政许可申请许可决定书,新东方 国际 货柜 码头 危险 货物 港口 审查 港口 港口 港口 危险 货物 管理 行政,港口
35982,关于徐州恒昌建筑工程有限公司建筑垃圾处置的批复,碧桂园 天宸,城市 管理
35983,交通行政许可申请许可决定书,富源 化工 危险 货物 港口 审查 港口 港口 港口 危险 货物 管理 行政,交通 运输
35974,关于车辆许可决定书,道路 运输 车辆,交通 运输
35975,交通行政许可申请许可决定书,石油化工 危险 货物 港口 审查 港口 港口 港口 危险 货物 管理 行政,港口
35976,交通行政许可申请许可决定书,扬子 石油化工 危险 货物 港口 审查 港口 港口 港口 危险 货物 管理 行政,交通 运输
35966,交通行政许可申请许可决定书,保税 港区 港务 危险 货物 港口 审查 港口 港口 港口 危险 货物 管理 行政,交通 运输
35944,交通行政许可申请许可决定书,集装箱 危险 货物 港口 审查 港口 港口 港口 危险 货物 管理 行政,交通 运输
35945,交通行政许可申请许可决定书,中国石化集团 化学工业 危险 货物 港口 审查 港口 港口 港口 危险 货物 管理 行政,交通 运输
35950,交通行政许可申请许可决定书,中国石化集团 金陵 石油化工 危险 货物 港口 审查 港口 港口 港口 危险 货物 管理 行政,交通 运输
35941,交通行政许可申请许可决定书,集装箱 危险 货物 港口 审查 港口 港口 港口 危险 货物 管理 行政,交通 运输
35942,交通行政许可申请许可决定书,集装箱 危险 货物 港口 审查 港口 港口 港口 危险 货物 管理 行政,交通 运输
35943,交通行政许可申请许可决定书,东沃 化能 危险 货物 港口 审查 港口 港口 港口 危险 货物 管理 行政,交通 运输
35951,交通行政许可申请许可决定书,石油化工 危险 货物 港口 审查 港口 港口 港口 危险 货物 管理 行政,港口
35955,交通行政许可申请许可决定书,富源 化工 危险 货物 港口 审查 港口 港口 港口 危险 货物 管理 行政,交通 运输
35956,交通行政许可申请许可决定书,燃油 储运 危险 货物 港口 审查 港口 港口 港口 危险 货物 管理 行政,交通 运输
35957,交通行政许可申请许可决定书,交通 危险 货物 港口 审查 港口 港口 港口 危险 货物 管理 行政,交通 运输
35952,交通行政许可申请许可决定书,集装箱 危险 货物 港口 审查 港口 港口 港口 危险 货物 管理 行政,交通 运输
35953,交通行政许可申请许可决定书,扬子 物流 危险 货物 港口 审查 港口 港口 港口 危险 货物 管理 行政,交通 运输
35954,交通行政许可申请许可决定书,石油 危险 货物 港口 审查 港口 港口 港口 危险 货物 管理 行政,港口
35733,关于车辆许可决定书,道路 运输 车辆,交通 运输
35512,关于车辆许可决定书,道路 运输 车辆,交通 运输
35513,关于业户许可决定书,道路 业户 经营,交通 运输
35514,关于车辆许可决定书,道路 运输 车辆,交通 运输
35505,交通行政许可申请许可决定书,集装箱 危险 货物 港口 审查 港口 港口 港口 危险 货物 管理 行政,交通 运输
35510,关于车辆许可决定书,道路 运输 车辆,交通 运输
35511,关于车辆许可决定书,道路 运输 车辆,交通 运输
35515,交通行政许可申请许可决定书,石油 危险 货物 港口 审查 港口 港口 港口 危险 货物 管理 行政,港口
35519,交通行政许可申请许可决定书,中国石化集团 金陵 石油化工 危险 货物 港口 审查 港口 港口 港口 危险 货物 管理 行政,交通 运输
35520,交通行政许可申请许可决定书,保税 港区 港务 危险 货物 港口 审查 港口 港口 港口 危险 货物 管理 行政,交通 运输
35521,交通行政许可申请许可决定书,化工 危险 货物 港口 审查 港口 港口 港口 危险 货物 管理 行政,交通 运输
35516,交通行政许可申请许可决定书,中国石化集团 金陵 石油化工 危险 货物 港口 审查 港口 港口 港口 危险 货物 管理 行政,交通 运输
35517,交通行政许可申请许可决定书,集装箱 危险 货物 港口 审查 港口 港口 港口 危险 货物 管理 行政,交通 运输
35518,交通行政许可申请许可决定书,保税 港区 港务 危险 货物 港口 审查 港口 港口 港口 危险 货物 管理 行政,交通 运输
35504,交通行政许可申请许可决定书,物资 集团 储运 危险 货物 港口 审查 港口 港口 港口 危险 货物 管理 行政,交通 运输
35494,关于车辆许可决定书,道路 运输 车辆,交通 运输
35495,关于车辆许可决定书,道路 运输 车辆,交通 运输
35496,关于车辆许可决定书,道路 运输 车辆,交通 运输
35453,关于车辆许可决定书,道路 运输 车辆,交通 运输
35454,关于车辆许可决定书,道路 运输 车辆,交通 运输
35493,关于车辆许可决定书,道路 运输 车辆,交通 运输
35497,关于车辆许可决定书,道路 运输 车辆,交通 运输
35501,交通行政许可申请许可决定书,中国石化集团 金陵 石油化工 危险 货物 港口 审查 港口 港口 港口 危险 货物 管理 行政,交通 运输
35502,交通行政许可申请许可决定书,集装箱 危险 货物 港口 审查 港口 港口 港口 危险 货物 管理 行政,交通 运输
35503,交通行政许可申请许可决定书,中国石化集团 金陵 石油化工 危险 货物 港口 审查 港口 港口 港口 危险 货物 管理 行政,交通 运输
35498,交通行政许可申请许可决定书,阿尔法 石油化工 码头 危险 货物 港口 审查 港口 港口 港口 危险 货物 管理 行政,口岸
35499,交通行政许可申请许可决定书,新东方 集装箱 码头 危险 货物 港口 审查 港口 港口 港口 危险 货物 管理 行政,港口
35500,交通行政许可申请许可决定书,保税 港区 港务 危险 货物 港口 审查 港口 港口 港口 危险 货物 管理 行政,交通 运输
35723,关于车辆许可决定书,道路 运输 车辆,交通 运输
35724,关于业户许可决定书,道路 业户 经营,交通 运输
35725,关于车辆许可决定书,道路 运输 车辆,交通 运输
35720,交通行政许可申请许可决定书,石油 天然气 股份 销售 分公司 危险 货物 港口 审查 港口 港口 港口 危险 货物 管理 行政,交通 运输
35721,交通行政许可申请许可决定书,中国石化集团 金陵 石油化工 危险 货物 港口 审查 港口 港口 港口 危险 货物 管理 行政,交通 运输
35722,交通行政许可申请许可决定书,中国石化集团 金陵 石油化工 危险 货物 港口 审查 港口 港口 港口 危险 货物 管理 行政,交通 运输
35726,关于车辆许可决定书,道路 运输 车辆,交通 运输
35730,关于车辆许可决定书,道路 运输 车辆,交通 运输
35731,关于车辆许可决定书,道路 运输 车辆,交通 运输
35732,关于车辆许可决定书,道路 运输 车辆,交通 运输
35727,关于车辆许可决定书,道路 运输 车辆,交通 运输
35728,关于业户许可决定书,道路 业户 经营,交通 运输
35729,关于业户许可决定书,道路 业户 经营,交通 运输
35719,交通行政许可申请许可决定书,中国石化集团 金陵 石油化工 危险 货物 港口 审查 港口 港口 港口 危险 货物 管理 行政,交通 运输
35528,关于车辆许可决定书,道路 运输 车辆,交通 运输
35529,关于车辆许可决定书,道路 运输 车辆,交通 运输
35711,关于业户许可决定书,道路 业户 经营,交通 运输
35523,关于车辆许可决定书,道路 运输 车辆,交通 运输
35524,关于车辆许可决定书,道路 运输 车辆,交通 运输
35527,关于车辆许可决定书,道路 运输 车辆,交通 运输
35712,交通行政许可申请许可决定书,化工 危险 货物 港口 审查 港口 港口 港口 危险 货物 管理 行政,交通 运输
35716,交通行政许可申请许可决定书,石油化工 危险 货物 港口 审查 港口 港口 港口 危险 货物 管理 行政,港口
35717,交通行政许可申请许可决定书,新东方 国际 货柜 码头 危险 货物 港口 审查 港口 港口 港口 危险 货物 管理 行政,港口
35718,交通行政许可申请许可决定书,新东方 国际 货柜 码头 危险 货物 港口 审查 港口 港口 港口 危险 货物 管理 行政,港口
35713,交通行政许可申请许可决定书,阳鸿 储运 危险 货物 港口 审查 港口 港口 港口 危险 货物 管理 行政,港口
35714,交通行政许可申请许可决定书,新东方 国际 货柜 码头 危险 货物 港口 审查 港口 港口 港口 危险 货物 管理 行政,港口
35715,交通行政许可申请许可决定书,宏川 危险 货物 港口 审查 港口 港口 港口 危险 货物 管理 行政,交通 运输
35984,交通行政许可申请许可决定书,阳鸿 危险 货物 港口 审查 港口 港口 港口 危险 货物 管理 行政,交通 运输
36410,关于车辆许可决定书,道路 运输 车辆,交通 运输
36411,关于车辆许可决定书,道路 运输 车辆,交通 运输
36424,关于车辆许可决定书,道路 运输 车辆,交通 运输
36408,关于车辆许可决定书,道路 运输 车辆,交通 运输
36405,关于车辆许可决定书,客运,交通 运输
36406,关于车辆许可决定书,道路 运输 车辆,交通 运输
36407,关于车辆许可决定书,道路 运输 车辆,交通 运输
36442,建筑垃圾弃置场地设置审批,中医院 工程 沟棠路,城市 管理
36447,准予易地建设防空地下室行政许可决定,经济 开发区 综合 中心 项目,行政 审批
36457,关于车辆许可决定书,道路 运输 车辆,交通 运输
36441,市政设施建设类（城市道路、城市桥梁）审批,镜泊 大道 井盖 光缆,城市 管理
36425,交通行政许可申请许可决定书,集装箱 危险 货物 港口 审查 港口 港口 港口 危险 货物 管理 行政,交通 运输
36426,交通行政许可申请许可决定书,码头 危险 货物 港口 审查 港口 港口 港口 危险 货物 管理 行政,港口
36440,关于东海县云栾图书店的设立许可,图书 期刊 零售,新闻 出版
36386,交通行政许可申请许可决定书,化工 码头 危险 货物 港口 审查 港口 港口 港口 危险 货物 管理 行政,口岸
36387,交通行政许可申请许可决定书,港龙 港务 危险 货物 港口 审查 港口 港口 港口 危险 货物 管理 行政,交通 运输
36388,交通行政许可申请许可决定书,危险 货物 港口 审查 港口 港口 港口 危险 货物 管理 行政,交通 运输
36385,交通行政许可申请许可决定书,中国石化集团 金陵 石油化工 危险 货物 港口 审查 港口 港口 港口 危险 货物 管理 行政,交通 运输
36382,关于车辆许可决定书,更新,交通 运输
36383,关于车辆许可决定书,更新,交通 运输
36384,交通行政许可申请许可决定书,新东方 国际 货柜 码头 危险 货物 港口 审查 港口 港口 港口 危险 货物 管理 行政,港口
36402,关于车辆许可决定书,网络 出租车,交通 运输
36403,关于车辆许可决定书,网络 出租车,交通 运输
36404,关于车辆许可决定书,道路 运输 车辆,交通 运输
36401,关于车辆许可决定书,网络 出租车,交通 运输
36389,交通行政许可申请许可决定书,保税 港区 港务 危险 货物 港口 审查 港口 港口 港口 危险 货物 管理 行政,交通 运输
36390,交通行政许可申请许可决定书,保税 港区 港务 危险 货物 港口 审查 港口 港口 港口 危险 货物 管理 行政,交通 运输
36400,关于车辆许可决定书,道路 运输 车辆,交通 运输
36636,关于车辆许可决定书,道路 运输 车辆,交通 运输
36637,关于车辆许可决定书,道路 运输 车辆,交通 运输
36649,交通行政许可申请许可决定书,保税 港区 港务 危险 货物 港口 审查 港口 港口 港口 危险 货物 管理 行政,交通 运输
36635,关于车辆许可决定书,道路 运输 车辆,交通 运输
36632,关于车辆许可决定书,道路 运输 车辆,交通 运输
36633,关于车辆许可决定书,道路 运输 车辆,交通 运输
36634,关于业户许可决定书,道路 业户 经营,交通 运输
36656,关于车辆许可决定书,道路 运输 车辆,交通 运输
36657,关于车辆许可决定书,道路 运输 车辆,交通 运输
36658,关于车辆许可决定书,道路 运输 车辆,交通 运输
36653,交通行政许可申请许可决定书,新东方 国际 货柜 码头 危险 货物 港口 审查 港口 港口 港口 危险 货物 管理 行政,港口
36650,交通行政许可申请许可决定书,阳鸿 储运 危险 货物 港口 审查 港口 港口 港口 危险 货物 管理 行政,港口
36651,交通行政许可申请许可决定书,化工 危险 货物 港口 审查 港口 港口 港口 危险 货物 管理 行政,交通 运输
36652,交通行政许可申请许可决定书,扬子 巴斯夫 危险 货物 港口 审查 港口 港口 港口 危险 货物 管理 行政,交通 运输
36620,交通行政许可申请许可决定书,新荣泰 码头 危险 货物 港口 审查 港口 港口 港口 危险 货物 管理 行政,港口
36621,交通行政许可申请许可决定书,新荣泰 码头 危险 货物 港口 审查 港口 港口 港口 危险 货物 管理 行政,港口
36622,交通行政许可申请许可决定书,阳鸿 危险 货物 港口 审查 港口 港口 港口 危险 货物 管理 行政,交通 运输
36462,准予许可决定书,水务 准予 文体 景观带 水土保持 工程 建设 方案 行政 人民政府 文体 景观带 水土保持 工程 建设 方案 本局 水务 审查 法定条件 标准 行政 防洪法 河道 管理条例 行政 建设 方案 具体内容 附件 方案 施工 工程 水利工程 管理处 水务局 办理 施工 方案 备案 水利工程 管理处 水务局 施工 项目 界限 方可 建设 工程施工 过程 河道 泥浆 泥土 碎渣 施工 垃圾 工程施工 水利 设施 建设 设计标准 费用 工程 监督 管理 水利工程 管理处 水务局 防汛 防汛 指挥机构 工程 建设 委托 资质 测量 工程 界限 资料 水利工程 管理处 水务局 专项 水利工程 管理处 水务局 工程 设施 河道 堤防 工程 补偿费 河道 堤防 工程 补偿费 暂行办法 工程 建设 过程 建设 方案 变更 办理 建设 方案 项目 管理 部门 办理 水务局 水务局 水利工程 管理处 水政 监察 支队 水务局 印发,水务
36458,准予许可决定书,建设 集团 树木 审查 法定条件 标准 行政 准予 行政,园林
36459,准予许可决定书,综合 行政 大队 树木 审查 法定条件 标准 行政 准予 行政,园林
36460,准予许可决定书,水务 准予 悦丰 小学 雨水 排口 工程 建设 方案 行政 建筑 工务 悦丰 小学 雨水 排口 工程 建设 方案 本局 水务 审查 法定条件 标准 行政 防洪法 河道 管理条例 行政 建设 方案 具体内容 附件 方案 施工 工程 水务局 办理 施工 方案 备案 水务局 施工 项目 界限 方可 建设 工程施工 过程 河道 泥浆 泥土 碎渣 施工 垃圾 工程施工 水利 设施 建设 设计标准 费用 工程 监督 管理 水务局 防汛 防汛 指挥机构 工程 建设 委托 资质 测量 工程 界限 资料 水务局 专项 水务局 工程 设施 河道 堤防 工程 补偿费 河道 堤防 工程 补偿费 暂行办法 建设 建设 工程 建设 过程 建设 方案 变更 办理 建设 方案 项目 管理 部门 办理 水务局 水务局 水政 监察 支队 水务局 印发,水务
36629,关于车辆许可决定书,道路 运输 车辆,交通 运输
36630,关于车辆许可决定书,道路 运输 车辆,交通 运输
36631,关于车辆许可决定书,道路 运输 车辆,交通 运输
36626,交通行政许可申请许可决定书,燃油 储运 危险 货物 港口 审查 港口 港口 港口 危险 货物 管理 行政,交通 运输
36623,交通行政许可申请许可决定书,集装箱 危险 货物 港口 审查 港口 港口 港口 危险 货物 管理 行政,交通 运输
36624,交通行政许可申请许可决定书,集装箱 危险 货物 港口 审查 港口 港口 港口 危险 货物 管理 行政,交通 运输
36625,交通行政许可申请许可决定书,港务 集团 危险 货物 港口 审查 港口 港口 港口 危险 货物 管理 行政,交通 运输
36155,关于车辆许可决定书,道路 运输 车辆,交通 运输
36156,关于车辆许可决定书,道路 运输 车辆,交通 运输
36160,交通行政许可申请许可决定书,敦合 商贸 危险 货物 港口 审查 港口 港口 港口 危险 货物 管理 行政,交通 运输
36152,关于车辆许可决定书,道路 运输 车辆,交通 运输
36153,关于车辆许可决定书,道路 运输 车辆,交通 运输
36154,关于车辆许可决定书,道路 运输 车辆,交通 运输
36161,交通行政许可申请许可决定书,危险 货物 港口 审查 港口 港口 港口 危险 货物 管理 行政,交通 运输
36172,交通行政许可申请许可决定书,阳鸿 危险 货物 港口 审查 港口 港口 港口 危险 货物 管理 行政,交通 运输
36173,交通行政许可申请许可决定书,港龙 港务 危险 货物 港口 审查 港口 港口 港口 危险 货物 管理 行政,交通 运输
36174,交通行政许可申请许可决定书,恒阳 化工 储运 危险 货物 港口 审查 港口 港口 港口 危险 货物 管理 行政,口岸
36163,交通行政许可申请许可决定书,石油化工 危险 货物 港口 审查 港口 港口 港口 危险 货物 管理 行政,交通 运输
36170,交通行政许可申请许可决定书,梅兰 化工 危险 货物 港口 审查 港口 港口 港口 危险 货物 管理 行政,交通 运输
36171,交通行政许可申请许可决定书,开发区 危险 货物 港口 审查 港口 港口 港口 危险 货物 管理 行政,交通 运输
35988,交通行政许可申请许可决定书,保税 港区 港务 危险 货物 港口 审查 港口 港口 港口 危险 货物 管理 行政,交通 运输
35989,交通行政许可申请许可决定书,集装箱 危险 货物 港口 审查 港口 港口 港口 危险 货物 管理 行政,交通 运输
36137,关于车辆许可决定书,道路 运输 车辆,交通 运输
35985,交通行政许可申请许可决定书,新东方 国际 货柜 码头 危险 货物 港口 审查 港口 港口 港口 危险 货物 管理 行政,港口
35986,交通行政许可申请许可决定书,交通 危险 货物 港口 审查 港口 港口 港口 危险 货物 管理 行政,交通 运输
35987,交通行政许可申请许可决定书,危险 货物 港口 审查 港口 港口 港口 危险 货物 管理 行政,交通 运输
36142,关于车辆许可决定书,道路 运输 车辆,交通 运输
36149,关于车辆许可决定书,道路 运输 车辆,交通 运输
36150,关于车辆许可决定书,道路 运输 车辆,交通 运输
36151,关于车辆许可决定书,道路 运输 车辆,交通 运输
36146,关于车辆许可决定书,道路 运输 车辆,交通 运输
36147,关于车辆许可决定书,道路 运输 车辆,交通 运输
36148,关于车辆许可决定书,道路 运输 车辆,交通 运输
36175,交通行政许可申请许可决定书,集装箱 危险 货物 港口 审查 港口 港口 港口 危险 货物 管理 行政,交通 运输
36196,交通行政许可申请许可决定书,燃油 储运 危险 货物 港口 审查 港口 港口 港口 危险 货物 管理 行政,交通 运输
36197,交通行政许可申请许可决定书,梅兰 化工 危险 货物 港口 审查 港口 港口 港口 危险 货物 管理 行政,交通 运输
36198,交通行政许可申请许可决定书,新东方 集装箱 码头 危险 货物 港口 审查 港口 港口 港口 危险 货物 管理 行政,港口
36193,交通行政许可申请许可决定书,港龙 港务 危险 货物 港口 审查 港口 港口 港口 危险 货物 管理 行政,交通 运输
36194,交通行政许可申请许可决定书,宏川 危险 货物 港口 审查 港口 港口 港口 危险 货物 管理 行政,交通 运输
36195,交通行政许可申请许可决定书,股份 分公司 危险 货物 港口 审查 港口 港口 港口 危险 货物 管理 行政,交通 运输
36199,交通行政许可申请许可决定书,新荣泰 码头 危险 货物 港口 审查 港口 港口 港口 危险 货物 管理 行政,港口
36231,准予行政许可决定书,社会 团体 章程 核准,民政
36380,关于车辆许可决定书,更新,交通 运输
36381,关于车辆许可决定书,更新,交通 运输
36209,建设工程规划许可证,建筑面积,行政 审批
36210,建设工程规划许可证,建筑面积,行政 审批
36228,户外广告设置证,广告,人民政府
36192,交通行政许可申请许可决定书,港务 危险 货物 港口 审查 港口 港口 港口 危险 货物 管理 行政,交通 运输
36189,交通行政许可申请许可决定书,保税 港区 港务 危险 货物 港口 审查 港口 港口 港口 危险 货物 管理 行政,交通 运输
36190,交通行政许可申请许可决定书,新东方 国际 货柜 码头 危险 货物 港口 审查 港口 港口 港口 危险 货物 管理 行政,港口
36188,交通行政许可申请许可决定书,新东方 集装箱 码头 危险 货物 港口 审查 港口 港口 港口 危险 货物 管理 行政,港口
36186,交通行政许可申请许可决定书,保税区 国际 港务 危险 货物 港口 审查 港口 港口 港口 危险 货物 管理 行政,交通 运输
36187,交通行政许可申请许可决定书,股份 分公司 危险 货物 港口 审查 港口 港口 港口 危险 货物 管理 行政,交通 运输
36176,交通行政许可申请许可决定书,保税 港区 港务 危险 货物 港口 审查 港口 港口 港口 危险 货物 管理 行政,交通 运输
36177,交通行政许可申请许可决定书,石油 天然气 股份 销售 分公司 危险 货物 港口 审查 港口 港口 港口 危险 货物 管理 行政,交通 运输
36191,交通行政许可申请许可决定书,粮食 转库 危险 货物 港口 审查 港口 港口 港口 危险 货物 管理 行政,交通 运输
36184,关于车辆许可决定书,更新,交通 运输
36183,关于车辆许可决定书,道路 运输 车辆,交通 运输
37124,交通行政许可申请许可决定书,准予 发证,公路 管理
36870,交通行政许可申请许可决定书,准予 发证,公路 管理
33991,防雷装置设计审核行政许可决定书,高性能 颜料 颜料 项目 装置 设计,气象
35215,药品补充申请备案件,药品 管理 办法 喷丁 胶囊 有效期 备案 药品 有效期 变更,药品 监督 管理
34203,商品房预售许可证,学府 熙园,城乡 建设
35217,药品补充申请备案件,药品 管理 办法 喷丁 胶囊 有效期 备案 药品 有效期 变更,药品 监督 管理
33124,泰兴市行政审批局关于泰兴市天天大药房有限公司佳美店药品经营许可的决定,药品 零售,行政 审批
33125,关于同意部分工作岗位实行特殊工时工作制的批复,工时,人力资源 社会保障
33488,准予泰州市高港区许庄街道三旗营社区居家养老服务站变更登记决定书,准予 许庄 街道 社区 居家 养老 服务站 变更 登记,民政
